Aabha,
Aachal,
Aadarshini,
Aadharsha,
Aadhira,
Aadhriti,
Aadhvitha,
Aadhya,
Aadilakshmi,
Aadishree,
Aadrika,
Aadya,
Aadyasha,
Aafreen,
Aahana,
Aakanksha,
Aanandhi,
Aanchal,
Aaradhya,
Aarathi,
Aarna,
Aarthi,
Aarti,
Aarunya,
Aarushi,
Aaryah,
Aaryana,
Aaryanna,
Aashi,
Aashirya,
Aashna,
Aastha,
Aathira,
Abha,
Abhati,
Abhaya,
Abhayd,
Abhidha,
Abhidhya,
Abhigita,
Abhigna,
Abhilasa,
Abhilasha,
Abhinaya,
Abhinithi,
Abhiprithi,
Abhirami,
Abhirathi,
Abhiri,
Abhisri,
Abhithi,
Abinaya,
Abirami,
Abishta,
Abitha,
Abiya,
Aboil,
Aboli,
Achala,
Achu,
Adarsha,
Adhira,
Adhya,
Aditha,
Aditi,
Aditri,
Adrija,
Adrika,
Advaita,
Advaitha,
Advika,
Adya,
Afreen,
Aghanashini,
Agnes,
Agnikaa,
Agnishikha,
Agrani,
Agrata,
Agrima,
Ahalya,
Ahana,
Ahi,
Ahila,
Ahilya,
Ahladita,
Ahladitha,
Ahyanna,
Aishani,
Aishwarya,
Aiswarya,
Ajala,
Ajaya,
Ajeeta,
Ajitha,
Akalka,
Akanksha,
Akansha,
Akhila,
Akira,
Akriti,
Akshada,
Akshata,
Akshatha,
Akshaya,
Akshita,
Akshitha,
Aksithi,
Akula,
Akuti,
Alaknanda,
Alamelu,
Aleena,
Aleesha,
Alekhya,
Alesa,
Alka,
Allu,
Alopa,
Alpa,
Alpana,
Amala,
Amaldeepti,
Amara,
Amaravathy,
Amarta,
Amba,
Ambalika,
Amberley,
Ambika,
Ambily,
Ambu,
Ambuda,
Ambuja,
Amisha,
Amita,
Amitha,
Amithi,
Amiya,
Amiyah,
Amlika,
Ammu,
Amoda,
Amodini,
Amoli,
Amolika,
Amrapali,
Amrita,
Amritha,
Amritkala,
Amritrashmi,
Amrusha,
Amruta,
Amrutha,
Amsaveni,
Amshula,
Amudha,
Amulya,
Amutha,
Anagha,
Anahita,
Analia,
Anamika,
Anandhi,
Anandi,
Anandini,
Anandita,
Ananditha,
Anandmayee,
Ananth,
Anantha,
Ananthi,
Ananya,
Anarghya,
Anasuya,
Anaswara,
Anathi,
Anbarasi,
Anchal,
Anchala,
Anchita,
Aneesha,
Angana,
Angarika,
Anhithi,
Anila,
Anilah,
Anina,
Anindita,
Aninditha,
Anisha,
Anita,
Anitta,
Anjali,
Anjaly,
Anjana,
Anjani,
Anji,
Anjitha,
Anju,
Anjushree,
Ankita,
Ankitha,
Annapurna,
Annita,
Annitta,
Annu,
Anshi,
Anshika,
Anshula,
Antara,
Antima,
Antini,
Antra,
Anu,
Anubha,
Anuga,
Anugya,
Anuja,
Anuka,
Anula,
Anulata,
Anulekha,
Anumati,
Anumita,
Anumol,
Anunitha,
Anupa,
Anupama,
Anuprabha,
Anupriya,
Anura,
Anuradha,
Anuragini,
Anurati,
Anusha,
Anushka,
Anushree,
Anushri,
Anusree,
Anusuya,
Anvi,
Anwesha,
Anyla,
Anylah,
Apala,
Aparajita,
Aparijita,
Aparna,
Apeksha,
Aradhana,
Aradhya,
Aranyaka,
Arathi,
Arathy,
Arati,
Archa,
Archana,
Archini,
Archisha,
Archita,
Archna,
Ardra,
Arika,
Ariktha,
Arjuni,
Arni,
Arpana,
Arpita,
Arpitha,
Arrya,
Arryana,
Arryanna,
Arsha,
Arshi,
Arshia,
Arthi,
Arthy,
Arti,
Arumainayaki,
Aruna,
Arundhathi,
Arundhati,
Aruni,
Arunima,
Arushi,
Arya,
Aryaa,
Aryah,
Aryia,
Asavari,
Aseema,
Asha,
Ashakiran,
Ashalata,
Asharani,
Ashavari,
Ashika,
Ashima,
Ashin,
Ashiqa,
Ashita,
Ashitha,
Ashlesha,
Ashmika,
Ashmita,
Ashna,
Ashritha,
Ashvini,
Ashwani,
Ashwathy,
Ashwika,
Ashwini,
Asija,
Asita,
Aslesha,
Asmita,
Astha,
Astika,
Asvika,
Aswani,
Aswathi,
Aswathy,
Aswini,
Atasi,
Athi,
Athira,
Athulya,
Ati,
Atmaja,
Atreyi,
Aushi,
Avani,
Avanthika,
Avanti,
Avantika,
Avishi,
Avleen,
Awantika,
Ayana,
Ayushi,
Ayushmati,
Baani,
Babbi,
Babby,
Babi,
Babita,
Babitarani,
Babitha,
Babithra,
Babli,
Bageshri,
Baghyalakshmi,
Bahnnisikha,
Bahugandha,
Bahula,
Bahwani,
Baidehi,
Bairavi,
Baisakhi,
Baishakh,
Baishakhi,
Bakula,
Bala,
Baladarshini,
Bandana,
Bandhura,
Bani,
Banita,
Banmala,
Bansari,
Banu,
Banumathi,
Banupriya,
Barkha,
Barnali,
Barsha,
Basanti,
Bavani,
Bavya,
Beena,
Bela,
Bhaarati,
Bhadra,
Bhagya,
Bhagyalakshmi,
Bhagyashree,
Bhagyashri,
Bhagyasree,
Bhairavi,
Bhakti,
Bhamini,
Bhanuja,
Bhanumathi,
Bhanumati,
Bhanupriya,
Bharathi,
Bharati,
Bharavi,
Bhargavi,
Bharti,
Bhavana,
Bhavane,
Bhavani,
Bhavika,
Bhavini,
Bhavitha,
Bhavna,
Bhavya,
Bhawana,
Bhawna,
Bheema,
Bhoomi,
Bhoomika,
Bhumika,
Bhupali,
Bhuvana,
Bhuvaneshwari,
Bhuvaneswari,
Bibina,
Bidisha,
Bijal,
Bina,
Bincy,
Bindhu,
Bindiya,
Bindu,
Bini,
Binita,
Bishakha,
Brinda,
Brindha,
Bristi,
Cakshaya,
Canaka,
Cauvery,
Cavery,
Chabi,
Chabindra,
Chabra,
Chadana,
Chadini,
Chadna,
Chadrika,
Chadrima,
Chahak,
Chahana,
Chaina,
Chairavali,
Chaitalee,
Chaitali,
Chaitaly,
Chaithanya,
Chaithra,
Chaithvika,
Chaitra,
Chakori,
Chakrika,
Chalani,
Chameli,
Champ,
Champa,
Champabati,
Champakali,
Champakavathi,
Champakmala,
Champamalini,
Champika,
Chanasya,
Chanchala,
Chanchari,
Chanda,
Chandalini,
Chandana,
Chandani,
Chandanika,
Chandeep,
Chandhana,
Chandhini,
Chandialekya,
Chandika,
Chandimal,
Chandini,
Chandira,
Chanditha,
Chandna,
Chandni,
Chandrabali,
Chandrabha,
Chandrabhaga,
Chandrabindu,
Chandraja,
Chandrajyoti,
Chandrakala,
Chandrakanta,
Chandrakanti,
Chandraki,
Chandralekha,
Chandraleksha,
Chandramathi,
Chandramukhi,
Chandrani,
Chandraprabha,
Chandrapushpa,
Chandrasekaran,
Chandratara,
Chandravathi,
Chandre,
Chandrea,
Chandri,
Chandria,
Chandrika,
Chandrikha,
Chandrima,
Chandrisha,
Changuna,
Chapala,
Charita,
Charitha,
Charitra,
Charmi,
Charu,
Charulata,
Charulekha,
Charumati,
Charuprabha,
Charusheela,
Charushila,
Charusila,
Charvi,
Chathura,
Chatura,
Chaundra,
Chayana,
Chellam,
Cherin,
Chetana,
Chethana,
Chetna,
Chhabi,
Chhavi,
Chhavvi,
Chhaya,
Chimayi,
Chinchu,
Chinju,
Chinmayee,
Chinmayi,
chinnu,
Chinu,
Chippy,
Chithra,
Chiti,
Chitkala,
Chitra,
Chitradevi,
Chitragandha,
Chitralekha,
Chitrali,
Chitramala,
Chitramaya,
Chitrangada,
Chitrani,
Chitrarathi,
Chitrarekha,
Chitrita,
Chiya,
Chumban,
Chumki,
Cina,
Cyann,
Daachayani,
Daamini,
Dadhija,
Daevisha,
Daksha,
Dakshakanya,
Dakshata,
Dakshayani,
Dakshina,
Dakshinya,
Dakshita,
Dalaja,
Damayanthi,
Damini,
Dampy,
Damyanti,
Danalakshmi,
Daniya,
Darika,
Dariya,
Darma,
Darmika,
Darpana,
Darpanika,
Darpita,
Darsana,
Darshana,
Darshi,
Darshika,
Darshini,
Darshinika,
Darshita,
Darshni,
Dasa,
Dasya,
Daya,
Dayamayee,
Dayanita,
Dayita,
Debalina,
Debanshi,
Debarati,
Debashree,
Debasmita,
Debjani,
Deblina,
Debolina,
Deeksha,
Deekshana,
Deekshitha,
Deepa,
Deepabali,
Deepakala,
Deepalakshmi,
Deepali,
Deepamala,
Deepana,
Deepanjali,
Deepanwita,
Deepaprabha,
Deepashikha,
Deepavati,
Deepika,
Deepitha,
Deepmala,
Deepshikha,
Deepta,
Deepthi,
Deepthy,
Deepti,
Deeptikana,
Deeptimoyee,
Deeva,
Deshna,
Devahuti,
Devakali,
Devakanya,
Devaki,
Devakiri,
Devalatha,
Devalekha,
Devamati,
Devamayi,
Devanee,
Devangana,
Devanshi,
Devasena,
Devashri,
Devasmitha,
Devasree,
Devayani,
Devika,
Devipriya,
Devu,
Dhaksha,
Dhana,
Dhanalakshmi,
Dhanapriya,
Dhanashri,
Dhanishta,
Dhanusha,
Dhanya,
Dhanyata,
Dhara,
Dharani,
Dharini,
Dharitri,
Dharshini,
Dhatri,
Dhitha,
Dhithi,
Dhivya,
Dhriti,
Dhruvi,
Dhruvika,
Dhun,
Dhuthi,
Dhyana,
Digambari,
Diksha,
Dilshad,
Dimple,
Dinu,
Dipa,
Dipakarni,
Dipali,
Dipannita,
Dipanwita,
Dipika,
Dipta,
Dipti,
Diptimayee,
Disha,
Dishwitha,
Diti,
Diva,
Divena,
Divya,
Divyajyothi,
Divyashree,
Divyasri,
Divyata,
Dona,
Draupadi,
Drisana,
Drishya,
Dristi,
Drisya,
Druthi,
Dulari,
Durga,
Durga Bhavani,
Durga Devi,
Durva,
Dwaitha,
Dwipavati,
Easwari,
Ecchumati,
Edha,
Edhitha,
Eelakili,
Eesha,
Ehimaya,
Eila,
Eiravathi,
Eiravati,
Ekadhana,
Ekaja,
Ekantha,
Ekanthika,
Ekaparana,
Ekaparnika,
Ekata,
Ekavali,
Ekisha,
Ekta,
Ektaa,
Ela,
Elakkiya,
Elampirai,
Elavarasi,
Elili,
Emi,
Enakshi,
Esha,
Eshana,
Eshani,
Eshanika,
Eshanya,
Eshika,
Eshita,
Eshma,
Eswari,
Eta,
Etasha,
Ethaha,
Ethaya,
Eti,
Ezhilarasi,
Faalgunee,
Filomina,
Foolan,
Foolwati,
Fulki,
Fullara,
Gagana,
Gaganadipika,
Gaganasindhu,
Gajagamini,
Gajalakshmi,
Gajara,
Gajra,
Gamya,
Ganavi,
Ganay,
Ganda,
Gandha,
Gandhali,
Gandhamalla,
Gandhara,
Gandhari,
Gandharika,
Gandhini,
Ganesa,
Ganessa,
Ganga,
Gangadevi,
Gangi,
Gangika,
Ganitha,
Garati,
Gargi,
Garima,
Garishma,
Gathika,
Gatita,
Gauhar,
Gaura,
Gauravi,
Gauri,
Gaurika,
Gaurisha,
Gautami,
Gauthami,
Gawthami,
Gaya,
Gayal,
Gayana,
Gayanthika,
Gayathri,
Gayatri,
Gee,
Geeta,
Geetanjali,
Geetha,
Geethanjali,
Geethika,
Geethu,
Geeti,
Geetika,
Geshna,
Gethika,
Ginni,
Girija,
Girika,
Girisha,
Gita,
Gitali,
Gitanjali,
Gitika,
Giyana,
Giyanna,
Godavari,
Gomathi,
Gomathy,
Gomati,
Gool,
Gopa,
Gopika,
Gorochana,
Gourangi,
Gouri,
Gouthami,
Govindi,
Gowri,
Gowthami,
Greeshma,
Greshma,
Grhalakshmi,
Grhitha,
Grishma,
Gudiya,
Gunavati,
Gunitha,
Gunjana,
Gunjika,
Gunjita,
Gunwanti,
Gurjari,
Gurleen,
Gyanada,
Haara,
Haarsheen,
Haashni,
Haima,
Haimavathi,
Haimavati,
Haina,
Haiswaryia,
Haiymwati,
Hamlata,
Hamsaveni,
Hamsini,
Hanika,
Hanima,
Hanisha,
Hanishka,
Hanita,
Hanithra,
Hansa,
Hansamala,
Hansanandini,
Hansaveni,
Hansen,
Hanshi,
Hansika,
Hansini,
Harani,
Harapriya,
Hariganga,
Harijatha,
Harika,
Harimanti,
Harina,
Harinakshi,
Harini,
Haripriya,
Harishita,
Harita,
Haritha,
Harithi,
Harmya,
Harsha,
Harshada,
Harshali,
Harshi,
Harshini,
Harshita,
Harshitha,
Hasanthi,
Hasini,
Hasti,
Hasumati,
Hatisha,
Heer,
Heera,
Heerkani,
Helna,
Hema,
Hemakshi,
Hemalata,
Hemalatha,
Hemamalini,
Hemangi,
Hemangini,
Hemanti,
Hemanya,
Hemaprabha,
Hemapriya,
Hemashri,
Hemavathi,
Hemavati,
Hemkanta,
Hemlata,
Hemma,
Hima,
Himabindu,
Himagouri,
Himani,
Himanshi,
Hiranmayi,
Hiranyadha,
Hirkani,
Hita,
Hitha,
Hitika,
Hiya,
Holika,
Honey,
Hradha,
Hrshita,
Hymavathi,
Ibha,
Ichcha,
Ichchha,
Ichita,
Idhika,
Idhitri,
Idhriti,
Iditri,
Iha,
Ihina,
Ihita,
Ihitha,
Ijaya,
Ikshana,
Ikshitha,
Iksura,
Ila,
Ilakiya,
Ilamayil,
Ilavarasi,
Impana,
Inaaya,
Inbagani,
Inbavalli,
Indeela,
Indhu,
Indhuja,
Indhumathi,
Indira,
Indraini,
Indrakanta,
Indrakshi,
Indrani,
Indratha,
Indravathi,
Indrayani,
Indrina,
Indu,
Indubala,
Induja,
Indukala,
Indukanta,
Indulala,
Indulekha,
Induma,
Indumathi,
Indumati,
Indumukhi,
Induprabha,
Indupriya,
Indurekha,
Induseetala,
Inimai,
Inkurali,
Ipsa,
Ipshita,
Ipsita,
Iqra,
Ira,
Iraja,
Iravati,
Irshna,
Irya,
Isha,
Ishaal,
Ishaanvi,
Ishani,
Ishanika,
Ishanvi,
Ishanya,
Ishika,
Ishita,
Ishitha,
Ishta,
Ishwari,
Ishwariya,
Ishwarya,
Itishree,
Iyla,
Jaagruthi,
Jaahnavi,
Jaanki,
Jaanvi,
Jagadamba,
Jagadambika,
Jagamata,
Jagamohini,
Jaganmayee,
Jagathi,
Jagavi,
Jagrati,
Jagriti,
Jagruti,
Jagyi,
Jaheel,
Jahnavi,
Jailekha,
Jaimathi,
Jaipriya,
Jaishree,
Jaisudha,
Jaitashri,
Jaiwanti,
Jala,
Jalabala,
Jaladhi,
Jaladhija,
Jalahasini,
Jalaja,
Jalanhili,
Jalbala,
Jalena,
Jamini,
Jamuna,
Janaki,
Janaknandini,
Janani,
Janhavi,
Janhitha,
Janki,
Januja,
Janvi,
Jaseena,
Jasmin,
Jasoda,
Jasodhara,
Jaya,
Jayalalita,
Jayalalitha,
Jayamala,
Jayani,
Jayanthi,
Jayanti,
Jayantika,
Jayaprabha,
Jayaprada,
Jayapriya,
Jayashree,
Jayashri,
Jayasree,
Jayasri,
Jayasudha,
Jayati,
Jayavanti,
Jayeeta,
Jayita,
Jayitri,
Jayshree,
Jayshri,
Jaysree,
Jeevana,
Jeevankala,
Jeevanlata,
Jeevika,
Jeevitha,
Jeeya,
Jegathiswary,
Jenet,
Jenett,
Jennet,
Jennett,
Jesna,
Jetashri,
Jeyanthi,
Jhalak,
Jhansi,
Jharna,
Jhilmil,
Jhinuk,
Jhuma,
Jhumki,
Jigya,
Jigyasa,
Jincy,
Jini,
Jisha,
Jithya,
Jivanta,
Jivika,
Jiya,
Joshika,
Joshita,
Joshna,
Joshnika,
Jothi,
Jowaki,
Joyal,
Juhi,
Juily,
Jwala,
Jyeshtha,
Jyoshna,
Jyostna,
Jyothi,
Jyothika,
Jyothirmai,
Jyothsna,
Jyoti,
Jyotibala,
Jyotika,
Jyotirmayee,
Jyotirmoyee,
Jyotishmati,
Jyotsna,
Kaajal,
Kaanchana,
Kaandhal,
Kaashvi,
Kadambari,
Kadambini,
Kahini,
Kaishori,
Kajal,
Kajjali,
Kajri,
Kakali,
Kala,
Kalaiselvi,
Kalaivani,
Kalaka,
Kalandhika,
Kalapi,
Kalapini,
Kalapremi,
Kalavathi,
Kalavati,
Kali,
Kalika,
Kalinda,
Kalindi,
Kaliyan,
Kalliyan,
Kalpana,
Kalpanadevi,
Kalpini,
Kalpita,
Kalyani,
Kalyann,
Kalynda,
Kama,
Kamadha,
Kamakshi,
Kamala,
Kamalakshi,
Kamalam,
Kamalika,
Kamalini,
Kamalkali,
Kamana,
Kamatchi,
Kamika,
Kamini,
Kamitha,
Kamna,
Kamnika,
Kampana,
Kamya,
Kanaka,
Kanakabati,
Kanakalata,
Kanaklata,
Kanakpriya,
Kanan,
Kananbala,
Kanchan,
Kanchana,
Kanchanprabha,
Kanchi,
Kandhara,
Kangalakshmi,
Kangana,
Kani,
Kanika,
Kanimozhi,
Kanisha,
Kanishka,
Kanjari,
Kankana,
Kanshika,
Kanta,
Kanti,
Kanupriya,
Kanyana,
Kapalini,
Kapardini,
Kapila,
Kapotakshi,
Karabi,
Karishma,
Karnapriya,
Karpagam,
Karthi,
Karthika,
Karuka,
Karuna,
Karunamayee,
Kashika,
Kashmira,
Kashvi,
Kashyapi,
Kasthuri,
Kasturi,
Katyayani,
Kaushalya,
Kaushika,
Kausudhi,
Kavana,
Kaveri,
Kavika,
Kavini,
Kavipriya,
Kavita,
Kavitha,
Kaviya,
Kavyashree,
Kaylana,
Kaylanna,
Kedhari,
Keertana,
Keerthana,
Keerthi,
Keerthika,
Keerti,
Kerani,
Kesar,
Kesari,
Keshika,
Keshini,
Ketaki,
Ketana,
Ketki,
Keya,
Khushboo,
Khushbu,
Khyati,
Kinkini,
Kiran,
Kiranmai,
Kiranmala,
Kiranmayi,
Kiranya,
Kirsi,
Kirtana,
Kirthana,
Kirthika,
Kirti,
Kishori,
Kivia,
Kiya,
Koel,
Kogilavani,
Kokila,
Komal,
Komala,
Komalavalli,
Konika,
Kopal,
Koshika,
Kousalya,
Koushika,
Kowsalya,
Koyel,
Krandasi,
Kranti,
Krati,
Krishna,
Krishnakumari,
Krishnapriya,
Krishnaveni,
Krishnendhu,
Krithika,
Krithya,
Kriti,
Krittika,
Krupa,
Kruthika,
Krutika,
Ksema,
Kshama,
Kshanaprabha,
Kshanika,
Kshipa,
Kshipra,
Kshirja,
Kshithi,
Kshiti,
Kshitija,
Kumari,
Kumkum,
Kumud,
Kumuda,
Kumudini,
Kunda,
Kundanika,
Kundini,
Kunjal,
Kunjalata,
Kunjana,
Kuntal,
Kuntala,
Kunti,
Kurangi,
Kushala,
Kushali,
Kushboo,
Kusum,
Kusuma,
Kusumanjali,
Kusumavati,
Kusumita,
Kusumlata,
Kyathi,
Laabha,
Laasya,
Labangalata,
Labuki,
Lailah,
Lajja,
Lajjawati,
Lajvanti,
Lajvati,
Lajwanti,
Lajwati,
Laksha,
Lakshana,
Lakshika,
Lakshita,
Lakshiya,
Lakshmi,
Lakshmi Prasanna,
Lakshmichaitanya,
Lakshmideepthi,
Lakshmidevi,
Lakshmidurga,
Lakshmidurgadevi,
Lakshmipriya,
Lakshmishree,
Lakshyaa,
Lalana,
Lali,
Lalima,
Lalita,
Lalitha,
Lalithadevi,
Lalithamba,
Lalithya,
Lasitha,
Lasya,
Lata,
Latangi,
Latha,
Lathika,
Latika,
Lavali,
Lavana,
Lavangi,
Lavani,
Lavanika,
Lavanya,
Laveena,
Lavina,
Lavinia,
Laxmi,
Laya,
Layam,
Leckhna,
Leela,
Leelavathi,
Leelavati,
Lekha,
Lekshmi,
Lekshmipriya,
Lenisha,
Liji,
Likha,
Likhitha,
Likitha,
Lilavati,
Lincy,
Lipi,
Lipika,
Lipsa,
Lochan,
Lochana,
Logeshwari,
Lohini,
Lohita,
Lohitha,
Lola,
Lolla,
Lona,
Lopa,
Lopamudra,
Loukya,
Lubna,
Maahika,
Maal,
Maali,
Maanasa,
Maanusri,
Maanvi,
Maanya,
Machavalli,
Madhavi,
Madhavilata,
Madhu,
Madhubala,
Madhuja,
Madhuksara,
Madhula,
Madhulata,
Madhulatha,
Madhulekha,
Madhulika,
Madhumalati,
Madhumathi,
Madhumati,
Madhumita,
Madhumitha,
Madhunisha,
Madhur,
Madhura,
Madhuri,
Madhurima,
Madhushri,
Madhusmita,
Madhvi,
Madira,
Madirakshi,
Madona,
Madri,
Madura,
Mahabhadra,
Mahadevi,
Mahaganga,
Mahagauri,
Mahajabeen,
Mahak,
Mahakali,
Mahakanta,
Mahalakshmi,
Mahalaxmi,
Mahamaya,
Mahasweta,
Mahati,
Maheshi,
Maheshwari,
Maheswari,
Mahi,
Mahijuba,
Mahima,
Mahita,
Mahitha,
Mahua,
Mahubala,
Maina,
Maithili,
Maitra,
Maitreyi,
Maitri,
Majumder,
Makara,
Makshi,
Mala,
Malar,
Malarvizhi,
Malathi,
Malathy,
Malati,
Malavi,
Malavika,
Malea,
Maleea,
Maley,
Malie,
Malini,
Malley,
Malli,
Malliga,
Mallika,
Malti,
Malu,
Malvika,
Malviya,
Maly,
Mamata,
Mamatha,
Mampi,
Mamta,
Mamtha,
Manadha,
Manaka,
Manana,
Mananya,
Manasa,
Manashi,
Manasi,
Manasika,
Manayi,
Mandakini,
Mandara,
Mandira,
Manditha,
Mandodari,
Maneesha,
Mangai,
Mangala,
Mangalya,
Manha,
Manikya,
Manimegalai,
Manini,
Manisha,
Manishika,
Manisi,
Manisitha,
Manitha,
Manjari,
Manjika,
Manjira,
Manjistha,
Manjit,
Manju,
Manjubala,
Manjula,
Manjulika,
Manjusha,
Manjushree,
Manjushri,
Manjusri,
Manmayi,
Manohari,
Manorama,
Manoranjani,
Manoritha,
Mansa,
Mansi,
Manthika,
Manushri,
Manvi,
Manvitha,
Manya,
Manyah,
Marala,
Margi,
Marichika,
Marisa,
Mariyan,
Marudham,
Matangi,
Maurya,
Maushmi,
Mausumi,
Maya,
Mayukhi,
Mayura,
Mayuri,
Mayurika,
Medha,
Medhani,
Medhya,
Medini,
Meena,
Meenakshi,
Meenal,
Meenu,
Meera,
Meeta,
Megala,
Megana,
Megha,
Meghala,
Meghana,
Mehak,
Meher,
Mekha,
Mekhala,
Menaka,
Menitha,
Merin,
Mesha,
Mila,
Minakshi,
Minati,
Minnie,
Minnu,
Minu,
Misha,
Mishti,
Mita,
Mithra,
Mithu,
Mohana,
Mohanapriya,
Mohini,
Mohisha,
Mohita,
Monali,
Monalisha,
Moneisha,
Monesha,
Moni,
Moniesha,
Monisha,
Monna,
Moumita,
Mounica,
Mounika,
Mousumi,
Mridula,
Mridusmita,
Mrigakshi,
Mriganayani,
Mrinali,
Mrinalika,
Mrinalini,
Mrinmayi,
Mrudhula,
Mrudula,
Mrunal,
Mrunali,
Mudita,
Mudra,
Mudrika,
Mugdha,
Mukta,
Mukti,
Muneeswari,
Munmun,
Muskan,
Muthulakshmi,
Muthumari,
Mythili,
Naavya,
Nabanita,
Nabhanya,
Nabhitha,
Nachni,
Nagajyothi,
Nagalakshmi,
Naganandini,
Naganika,
Nagaratna,
Nagashree,
Nagavalli,
Nagaveni,
Nagma,
Naima,
Naina,
Nainika,
Nakshathra,
Nakula,
Nalina,
Nalini,
Namita,
Namitha,
Namrata,
Namratha,
Namya,
Nanda,
Nandana,
Nandani,
Nandhika,
Nandhini,
Nandhitha,
Nandika,
Nandini,
Nandita,
Nanthitha,
Narayani,
Narmada,
Narmatha,
Narois,
Natanya,
Natesa,
Nathiya,
Natun,
Navami,
Navamitha,
Navaneeta,
Navaneetha,
Naveena,
Navita,
Naviya,
Naviyah,
Navneeta,
Navya,
Navyasri,
Naya,
Nayana,
Nayantara,
Nazneen,
Neana,
Neeharika,
Neela,
Neelabja,
Neelaja,
Neelakshi,
Neelam,
Neelambari,
Neelima,
Neena,
Neenah,
Neenu,
Neera,
Neeraja,
Neeta,
Neetha,
Neethu,
Neeti,
Neetu,
Neha,
Nehal,
Neharika,
Nelojini,
Nethra,
Nethravathi,
Netra,
Netravati,
Neysa,
Nibedita,
Nicita,
Nidhi,
Nidhyana,
Nidhyathi,
Nidra,
Niha,
Niharika,
Nikhila,
Nikhita,
Nikhitha,
Nikitha,
Nila,
Nilambari,
Nilanjana,
Nilasha,
Nilaya,
Nileena,
Nilima,
Nilofar,
Niloofar,
Nimeesha,
Nimi,
Nimisha,
Nimitha,
Nimmy,
Niraimalar,
Niraimathi,
Niral,
Niramayee,
Niranjana,
Niresha,
Nirja,
Nirmala,
Nirmayi,
Nirmitha,
Nirosa,
Nirupa,
Nirupama,
Nirvana,
Nisarga,
Nischitha,
Nisha,
Nishanthi,
Nishanthini,
Nishi,
Nishita,
Nishitha,
Nishithini,
Nishtha,
Nishu,
Nistha,
Nita,
Nitara,
Nitha,
Nithiya,
Nithya,
Nithyakalyani,
Nithyasri,
Niti,
Nitika,
Nitima,
Nitu,
Nitya,
Nityapriya,
Nivedha,
Nivedita,
Niveditha,
Nivetha,
Nivi,
Nivritti,
Nivya,
Niyati,
Noopur,
Nupura,
Nutan,
Nuti,
Nyna,
Odathi,
Oditi,
Oindrila,
Oindrilla,
Oja,
Ojal,
Ojasvi,
Ojaswini,
Ojeeta,
Olena,
Olichudar,
Olikodi,
Olimani,
Oliyarasi,
Omaja,
Omala,
Omana,
Omisha,
Omkareshwari,
Omkari,
Omnidhi,
Omvati,
Omya,
Onella,
Oorja,
Oormila,
Oparna,
Orissa,
Orpita,
Oshma,
Oviya,
Paarvi,
Padma,
Padmaja,
Padmakali,
Padmakshi,
Padmamalini,
Padmapriya,
Padmarekha,
Padmaroopa,
Padmashree,
Padmavasa,
Padmavathi,
Padmavathy,
Padmavati,
Padmini,
Pallabi,
Pallavi,
Pallavini,
Pampa,
Panchali,
Pankaja,
Papia,
Papiya,
Parajika,
Parama,
Parameshwari,
Paramita,
Paravi,
Pari,
Paridhi,
Parimala,
Parimalam,
Parineetha,
Parinita,
Parinitha,
Parmeshwari,
Parnavi,
Parni,
Parnika,
Paromita,
Parthivi,
Paru,
Parul,
Parvana,
Parvani,
Parvathi,
Parvathy,
Parvati,
Parveen,
Patmanjari,
Patmanjiri,
Patralekha,
Paulami,
Pavana,
Pavani,
Pavi,
Pavithra,
Payal,
Payel,
Payoja,
Pearl,
Phalguni,
Phoolan,
Pingala,
Pinki,
Pinky,
Pival,
Piya,
Ponmani,
Ponni,
Ponnu,
Ponveni,
Pooja,
Poojashree,
Poojitha,
Poonam,
Poongodi,
Poorbi,
Poorna,
Poornima,
Poorva,
Poorvaganga,
Poorvaja,
Poorvi,
Poorvika,
Poulami,
Poulomi,
Poushali,
Prabha,
Prabhada,
Prabhati,
Prabhavathi,
Prabhavathy,
Prabhavati,
Prachi,
Pradeepa,
Pradeepta,
Pradha,
Pradheepha,
Pradnaya,
Pradnya,
Prafula,
Pragathi,
Pragati,
Pragya,
Pragyan,
Pragyaparamita,
Pragyawati,
Prajakta,
Prama,
Pramada,
Prameela,
Pramila,
Pramitha,
Pramiti,
Pranali,
Pranathi,
Pranati,
Pranavi,
Praneeta,
Pranita,
Pranitha,
Pranjali,
Pranuthi,
Prapthi,
Prapti,
Prarthana,
Prasana,
Prasanthi,
Praseetha,
Prashana,
Prashanthi,
Prashanti,
Prathiba,
Prathibha,
Prathima,
Prathysha,
Prathyusha,
Pratibha,
Pratichi,
Pratigya,
Pratijna,
Pratiksha,
Pratima,
Pratishtha,
Pratusha,
Pratyaya,
Pratyusha,
Pravalika,
Pravallika,
Praveena,
Pravina,
Preeja,
Preema,
Preena,
Preet,
Preetha,
Preethi,
Preethy,
Preeti,
Preety,
Preksha,
Prema,
Premala,
Premalatha,
Premila,
Prerana,
Prerita,
Prerna,
Presanna,
Presha,
Preyasi,
Prisha,
Prita,
Pritha,
Prithuloma,
Priti,
Pritika,
Pritikana,
Pritilata,
Prity,
Priya,
Priyadarshani,
Priyadarshini,
Priyadarsini,
Priyadharshini,
Priyadharsini,
Priyadutta,
Priyakala,
Priyal,
Priyam,
Priyamvada,
Priyanga,
Priyanka,
Priyansha,
Priyanshi,
Priyanvada,
Priyatha,
Pugazharasi,
Puja,
Pujita,
Pujitha,
Puloma,
Punam,
Punarnava,
Punita,
Punitha,
Punthali,
Punya,
Purnima,
Purva,
Purvaja,
Purvi,
Pushpa,
Pushpa Kumari,
Pushpagandha,
Pushpalata,
Pushpalatha,
Pushpanjali,
Pushpita,
Pushti,
Puspanjali,
Puspita,
Pusti,
Putul,
Quarrtulain,
Qumudini,
Raakhi,
Rachana,
Rachany,
Rachna,
Radha,
Radhana,
Radhani,
Radhika,
Ragini,
Raima,
Rajakumari,
Rajalakshmi,
Rajani,
Rajanigandha,
Rajashree,
Rajashri,
Rajasi,
Rajeshvari,
Rajeshwari,
Rajeswari,
Raji,
Rajini,
Rajisha,
Rajitha,
Rajivini,
Rajkumari,
Rajnandhini,
Rajnandini,
Rajshree,
Rajshri,
Rajvi,
Rajyalakshmi,
Raka,
Rakhee,
Rakhi,
Raksha,
Rakshitha,
Ramadevi,
Ramalakshmi,
Ramana,
Ramani,
Ramanika,
Rambha,
Rameshwari,
Ramita,
Ramya,
Ramyakrishna,
Ranee,
Rangitha,
Ranhitha,
Rani,
Ranita,
Ranjana,
Ranjani,
Ranjika,
Ranjini,
Ranjita,
Ranjitha,
Ranu,
Ranvitha,
Rashana,
Rashanda,
Rashanna,
Rashi,
Rashika,
Rashmika,
Rashmita,
Rashna,
Rasika,
Rasmita,
Ratanjali,
Rathi,
Rathika,
Rati,
Ratna,
Ratnabala,
Ratnabali,
Ratnajyoti,
Ratnajyouti,
Ratnalekha,
Ratnali,
Ratnamala,
Ratnangi,
Ratnaprabha,
Ratnapriya,
Ratnavali,
Ravali,
Ravina,
Raviprabha,
Rayana,
Reenu,
Reesha,
Reeta,
Reetu,
Reeva,
Reji,
Reka,
Rekha,
Rema,
Remya,
Renjini,
Renu,
Renuga,
Renuka,
Renukadevi,
Reshmi,
Resmi,
Rethika,
Reva,
Revathi,
Revathy,
Revati,
Rewa,
Reya,
Richa,
Riddhi,
Ridhima,
Rijuta,
Rimi,
Rimjhim,
Rimpa,
Rincy,
Rini,
Rinki,
Rinky,
Risha,
Rishita,
Rishitha,
Rita,
Rithika,
Ritika,
Ritu,
Rituparna,
Riya,
Rohini,
Rohita,
Rohitha,
Roja,
Rolee,
Roma,
Romi,
Ronita,
Ronnita,
Roopa,
Roopali,
Roopam,
Roopitha,
Roselin,
Roshani,
Roshini,
Roshni,
Ruann,
Rubina,
Rubini,
Rucha,
Ruchi,
Ruchika,
Ruchira,
Ruchita,
Ruchitha,
Ruddhi,
Rudrabhiravi,
Rudrakali,
Rudrani,
Ruhi,
Rujula,
Rujuta,
Rukma,
Rukmani,
Rukmini,
Ruksana,
Ruma,
Rumpa,
Rupa,
Rupal,
Rupali,
Rupashi,
Rupashri,
Rupasi,
Rupi,
Rupika,
Rusha,
Rushika,
Rushya,
Ruthika,
Rutuja,
Saachi,
Saana,
Saania,
Saaniya,
Saaniyah,
Saanvi,
Saanya,
Saatvika,
Sabita,
Sabitha,
Sabnam,
Sachi,
Sachita,
Sadana,
Sadgati,
Sadguna,
Sadhana,
Sadhika,
Sadhri,
Sadhya,
Sagari,
Sagarika,
Sagnika,
Sahasra,
Saheli,
Sahithi,
Sailaja,
Sairoopa,
Saisree,
Sajala,
Sajili,
Sajini,
Sajitha,
Sajna,
Sajni,
Sakshi,
Sala,
Salila,
Salini,
Saloni,
Salu,
Samapti,
Samhitha,
Samidha,
Samiha,
Samiksha,
Sammathi,
Sampa,
Sampatti,
Sampoorna,
Sampriti,
Sampurna,
Samriddhi,
Samridhi,
Samrithi,
Samyukhta,
Samyukta,
Samyuktha,
Sananda,
Sanchali,
Sanchaya,
Sanchita,
Sandhaya,
Sandhiya,
Sandhya,
Sandhyarani,
Sandra,
Sandya,
Sanea,
Sangeeta,
Sangeetha,
Sanghamitra,
Sangita,
Sania,
Saniaa,
Saniia,
Saniiya,
Saniiyah,
Sanija,
Sanitha,
Sanithi,
Saniyaa,
Saniyya,
Saniyyah,
Sanjeevani,
Sanjivani,
Sanjna,
Sanjoli,
Sanjukta,
Sanjula,
Sanjushree,
Sankari,
Sanniyah,
Sanoja,
Sanskriti,
Santawana,
Santayani,
Santhi,
Santhiya,
Santhoshi,
Santoshi,
Sanvali,
Sanvi,
Sanwari,
Sanya,
Sanyakta,
Sanyukta,
Sapana,
Saparna,
Saphala,
Sapna,
Saptika,
Sarada,
Sarakshi,
Sarala,
Sarama,
Sarani,
Saranya,
Sarasa,
Sarasvati,
Saraswathi,
Saraswathy,
Saraswati,
Saravati,
Sareen,
Sariga,
Sarita,
Saritha,
Sarjana,
Sarmistha,
Saroja,
Sarojini,
Saruprani,
Sarvani,
Sarvari,
Sarvika,
Saryu,
Sashi,
Sasikala,
Sasmita,
Saswati,
Sathya,
Sathyapriya,
Satvika,
Satviki,
Satyarupa,
Satyavani,
Satyavathi,
Satyavati,
Saudamini,
Saujanya,
Savarna,
Savita,
Savitha,
Savitri,
Sawini,
Sayani,
Sayantani,
Sayanti,
Sayli,
Seema,
Seena,
Seetha,
Seethalakshmi,
Sejal,
Selvarani,
Sesha,
Shabari,
Shabeena,
Shabina,
Shabna,
Shabnam,
Shachi,
Shahana,
Shaifali,
Shaila,
Shailaja,
Shaili,
Shailja,
Shakambari,
Shakuntala,
Shalaka,
Shalika,
Shalini,
Shallu,
Shally,
Shalni,
Shalu,
Shalvi,
Shama,
Shambari,
Shambhavi,
Shambhukanta,
Shamili,
Shampa,
Shanata,
Shanaya,
Shani,
Shankari,
Shanmugapriya,
Shanta,
Shantala,
Shantha,
Shanthi,
Shanthini,
Shanti,
Shanvi,
Sharada,
Sharadha,
Sharadini,
Sharani,
Sharanya,
Sharayu,
Sharda,
Sharika,
Sharmila,
Sharmili,
Sharmin,
Sharmistha,
Sharmita,
Sharna,
Sharvani,
Sharvari,
Shashibala,
Shashikala,
Shashiprabha,
Shashirekha,
Shaswati,
Shatakshi,
Shayeree,
Shayle,
Sheeja,
Sheela,
Sheelah,
Sheeli,
Sheetal,
Sheethal,
Shefali,
Shefalika,
Shejali,
Sherin,
Shermina,
Shevanti,
Shibani,
Shifa,
Shikha,
Shikhi,
Shila,
Shilavati,
Shilpa,
Shilpi,
Shilpika,
Shilpita,
Shina,
Shinjini,
Shiny,
Shipra,
Shirin,
Shirisha,
Shital,
Shiuli,
Shivakanta,
Shivali,
Shivangi,
Shivani,
Shivanne,
Shivapriya,
Shivasundari,
Shoba,
Shobana,
Shobha,
Shobhana,
Shobharani,
Shobhita,
Shobhna,
Shoni,
Shonima,
Shorashi,
Shrabani,
Shraddha,
Shradha,
Shradhdha,
Shravana,
Shravani,
Shravanti,
Shravasti,
Shravya,
Shreedevi,
Shreeja,
Shreela,
Shreenidhi,
Shreeparna,
Shreeprada,
Shreeya,
Shrestha,
Shreya,
Shreyashi,
Shreyasi,
Shri,
Shridevi,
Shridula,
Shrigauri,
Shrigeeta,
Shrijani,
Shrikirti,
Shrilata,
Shrilekha,
Shrimati,
Shrimayi,
Shristi,
Shrivalli,
Shriya,
Shruthi,
Shruthy,
Shruti,
Shrutika,
Shubha,
Shubhada,
Shubhangi,
Shubhi,
Shubhra,
Shuchi,
Shuchismita,
Shuchita,
Shukti,
Shulka,
Shushma,
Shweta,
Shwetha,
Shyama,
Shyamala,
Shyamali,
Shyamalika,
Shyamangi,
Shylaja,
Sibani,
Siddheshwari,
Siddhika,
Siddhima,
Sidra,
Siji,
Sikha,
Silpa,
Silpi,
Simi,
Simoni,
Sinchana,
Sindhuja,
Sindhura,
Sindhuri,
Sindu,
Sinduja,
Sini,
Sipra,
Sireesha,
Siri,
Sirisha,
Sita,
Sitara,
Sithara,
Sivakami,
Sivani,
Sivapriya,
Sivaranjani,
Sivasankari,
Siya,
Smita,
Smitha,
Smrita,
Smrithi,
Smriti,
Smruthi,
Smruti,
Sneh,
Sneha,
Snehalata,
Snehi,
Snigda,
Snigdha,
Sobana,
Sobha,
Sohini,
Sohni,
Somalakshmi,
Somatra,
Sona,
Sonakshi,
Sonal,
Sonali,
Soni,
Sonia,
Soniya,
Sonu,
Soorat,
Soorya,
Soujanya,
Soumita,
Soumya,
Soundarya,
Sourabhi,
Sowjanya,
Sowmiya,
Sowmya,
Sowparnika,
Spandana,
Spandhana,
Sphatika,
Spoorthi,
Srabani,
Sravani,
Sravanthi,
Sravya,
Sree,
Sreebala,
Sreedevi,
Sreeja,
Sreekala,
Sreelakshmi,
Sreelatha,
Sreelekshmi,
Sreenanda,
Sreenidhi,
Sreevidya,
Sreya,
Sridevi,
Srija,
Srijita,
Srilakshmi,
Srilatha,
Srilekha,
Srimathi,
Srinidhi,
Sriparna,
Sripriya,
Srishti,
Srivani,
Srividhya,
Srividya,
Sriya,
Sriyanka,
Srujana,
Sruthi,
Sruthy,
Sruti,
Stavita,
Stuti,
Subarna,
Subashini,
Subbulakshmi,
Subha,
Subhadra,
Subhaga,
Subhagya,
Subhashini,
Subhashree,
Subhasmita,
Subhra,
Subhuja,
Subi,
Subitha,
Subodhini,
Subrata,
Subulakshmi,
Suchandra,
Sucharita,
Sucheta,
Suchi,
Suchira,
Suchita,
Suchitha,
Suchithra,
Suchitra,
Sudakshima,
Sudarshana,
Sudeepa,
Sudeshna,
Sudevi,
Sudha,
Sudharani,
Sudharshini,
Sudhi,
Sudhiksha,
Sudiksha,
Sudipa,
Sudipta,
Sudipti,
Suditi,
Sugandha,
Suganthi,
Suganya,
Sugati,
Sugita,
Sugouri,
Sugreeva,
Suguna,
Suhag,
Suhani,
Suhasini,
Suhela,
Suhina,
Suhitha,
Suhrita,
Suja,
Sujala,
Sujata,
Sujatha,
Sujaya,
Suji,
Sujitha,
Sujithra,
Sukanya,
Sukeshi,
Sukhada,
Sukriti,
Sukshma,
Suksma,
Sulagna,
Sulakshana,
Sulekha,
Sulochana,
Suma,
Sumalatha,
Sumana,
Sumathi,
Sumathy,
Sumati,
Sumi,
Sumita,
Sumitha,
Sumithra,
Sumitra,
Sunaina,
Sunanda,
Sunandini,
Sunandita,
Sunayana,
Sunayani,
Sundari,
Suneetha,
Suneeti,
Sunetra,
Sunila,
Sunita,
Sunitha,
Suniti,
Suparna,
Suprabha,
Supraja,
Supreet,
Supritha,
Supriti,
Supriya,
Supti,
Surabhee,
Surabhi,
Suraksha,
Surangi,
Suravinda,
Surbhi,
Surekha,
Sureshi,
Sureshwari,
Surina,
Surotama,
Suruchi,
Surupa,
Suryakumari,
Suseela,
Sushama,
Sushanti,
Susheela,
Sushila,
Sushma,
Sushmita,
Sushmitha,
Sushobhana,
Sushree,
Susmita,
Susmitha,
Sutha,
Suvarna,
Suvarnaprabha,
Suvarnarekha,
Suvarnmala,
Suyasha,
Svadhi,
Swadha,
Swagata,
Swagatika,
Swaha,
Swapna,
Swapnali,
Swara,
Swarali,
Swarna,
Swarnalata,
Swarnalatha,
Swarnali,
Swarnaprabha,
Swarupa,
Swasti,
Swathi,
Swathi Sankar,
Swathika,
Swathy,
Swati,
Sweety,
Sweta,
Swetha,
Swethasakthi,
Syamala,
Tabu,
Talikha,
Tamali,
Tamalika,
Tamana,
Tamanna,
Tamasa,
Tamasi,
Tamilarasi,
Tamilselvi,
Tanaya,
Tanika,
Tanima,
Tanishka,
Taniya,
Tanmayi,
Tannishtha,
Tannistha,
Tannu,
Tanu,
Tanuja,
Tanuka,
Tanulata,
Tanupa,
Tanusha,
Tanushree,
Tanushri,
Tanusree,
Tanvee,
Tanvi,
Tapani,
Tapasi,
Tapaswini,
Tapasya,
Tapati,
Tapi,
Tapni,
Tapti,
Tara,
Taraka,
Tarakeshwari,
Tarakini,
Tarala,
Tarangini,
Taranija,
Tarika,
Tarini,
Tarjani,
Tarkeshwari,
Tarulata,
Taruna,
Taruni,
Tarunika,
Tarunima,
Tatini,
Teertha,
Teesta,
Teja,
Tejashree,
Tejasree,
Tejasvi,
Tejaswi,
Tejaswini,
Tejeshwini,
Thamil,
Thanishka,
Thanya,
Tharani,
Tharushi,
Theertha,
Theinmozhi,
Thejaswini,
Thendral,
Thenmozhi,
Thilaga,
Thilakavathi,
Thrisha,
Thrishna,
Thriveni,
Thulasi,
Thumri,
Thushara,
Thwishaa,
Tilaka,
Tilottama,
Timila,
Tinku,
Tisa,
Tishya,
Tista,
Tithi,
Titiksha,
Tiya,
Toral,
Toshi,
Trapti,
Tridhara,
Triguna,
Triguni,
Trikaya,
Trilochana,
Trinayani,
Trinetra,
Tripta,
Tripti,
Tripuri,
Trisha,
Trishala,
Trishna,
Triveni,
Triya,
Triyama,
Trupti,
Trusha,
Tuhina,
Tula,
Tulah,
Tulasi,
Tulika,
Tulsi,
Tumpa,
Tushara,
Tushita,
Tushti,
Tusti,
Tuviksha,
Tvarika,
Tvesa,
Twinkle,
Udaya,
Udita,
Uditi,
Udyati,
Ujawala,
Ujhala,
Ujjanini,
Ujjwala,
Ujjwala/ujvala,
Ujwala,
Ukti,
Ulka,
Ullasitha,
Ulupi,
Umadevi,
Umamaheswari,
Umarani,
Umika,
Unnathi,
Unnati,
Upada,
Upadhriti,
Upala,
Upama,
Upasana,
Uriella,
Urishilla,
Urja,
Urjita,
Urmi,
Urmila,
Urmimala,
Urna,
Urshita,
Urvashi,
Urvasi,
Urvi,
Usha,
Usha Prabha,
Usha Rani,
Ushakiran,
Ushamani,
Usharani,
Ushasri,
Ushila,
Ushma,
Usri,
Uteghita,
Uthami,
Uthaya,
Utpala,
Utpalakshi,
Utpalini,
Utpatti,
Utsa,
Uttama,
Uttara,
Vaagiswari,
Vaani,
Vaasanti,
Vachi,
Vachya,
Vadivukarasi,
Vagdevi,
Vageeshwari,
Vagini,
Vagisha,
Vagishwari,
Vahini,
Vaibhavi,
Vaidehi,
Vaiga,
Vaijanti,
Vaijantimala,
Vaijayanti,
Vaijayantimala,
Vaikha,
Vainavi,
Vaishali,
Vaishanvi,
Vaishavi,
Vaishnavi,
Vaishu,
Vaishvi,
Vaisnavi,
Vajra,
Vajramala,
Vajreshwari,
Vallabha,
Vallabhi,
Vallari,
Valli,
Valliammai,
Vallika,
Vallimayil,
Valsala,
Vamdevi,
Vamika,
Vamil,
Vamsee,
Vamsilatha,
Vanaja,
Vanajakshi,
Vanajyoti,
Vanamala,
Vanani,
Vanathi,
Vanca,
Vandana,
Vandhana,
Vandita,
Vandna,
Vaneesha,
Vangala,
Vanhishikha,
Vani,
Vanikshani,
Vanisha,
Vanishree,
Vanishri,
Vanishta,
Vanisree,
Vanisri,
Vanita,
Vanitha,
Vanithasri,
Vanjan,
Vanjimagan,
Vanlataa,
Vanmala,
Vanmayi,
Vanshi,
Vanshika,
Vanya,
Varaa,
Varada,
Varalakshmi,
Varalaxmi,
Varchaa,
Varcheka,
Varchini,
Vardani,
Vardaniya,
Vardhini,
Varenya,
Vari,
Varija,
Varna,
Varnali,
Varnika,
Varnitha,
Varsha,
Varshini,
Varshitha,
Varuna,
Varunavi,
Varuni,
Varushka,
Vasanta,
Vasantabrabha,
Vasantha,
Vasanthi,
Vasanti,
Vasuda,
Vasudha,
Vasudhara,
Vasumati,
Vasundhara,
Vatsala,
Vaya,
Veda,
Vedanika,
Vedasri,
Vedavati,
Vedha,
Vedhavathi,
Vedi,
Vedika,
Veditha,
Vedvalli,
Veena,
Veenadhari,
Veenapani,
Veeralaxmi,
Venisha,
Venkatalakshmi,
Venmathi,
Vennila,
Veronika,
Vetali,
Vetravati,
Vianaya,
Vibha,
Vibhavari,
Vibhuti,
Vidhi,
Vidhut,
Vidhya,
Vidula,
Vidya,
Vidyadevi,
Vidyadhari,
Vidyota,
Vidyul,
Vidyutprabha,
Vignyatri,
Viha,
Vijaya,
Vijaya Lakshmi,
Vijayalakshmi,
Vijayalaxmi,
Vijayamalini,
Vijayambika,
Vijayanti,
Vijitha,
Vikashini,
Vikasini,
Viksha,
Vilasini,
Vilina,
Vilpa,
Vimala,
Vimitha,
Vimla,
Vimudha,
Vina,
Vinanti,
Vinata,
Vinaya,
Vindhya,
Vindya,
Vineela,
Vineeta,
Vineetha,
Vini,
Vinisha,
Vinita,
Vinitha,
Viniti,
Vinodhini,
Vinodini,
Vinothini,
Vinutha,
Vipasa,
Vipula,
Virali,
Virika,
Virochana,
Visala,
Vishaka,
Vishakha,
Vishala,
Vishalakshi,
Vishali,
Vishaya,
Vishnavi,
Vishnu Priya,
Vishnumaya,
Vishnupriya,
Vishranti,
Vishwambhara,
Vismaya,
Vithika,
Viveka,
Vrajabala,
Vrddhi,
Vrinda,
Vrisha,
Vrishti,
Vristi,
Vritti,
Vrushali,
Vrushika,
Vumika,
Vyanjana,
Vyshnavi,
Warhi,
Watsala,
Xalak,
Xallu,
Xilmal,
Xiti,
Xundari,
Yaad,
Yaagnya,
Yaalini,
Yaamini,
Yadana,
Yadanar,
Yadavi,
Yahvi,
Yajna,
Yakshini,
Yakshita,
Yakshitha,
Yami,
Yamika,
Yamini,
Yamuna,
Yamuni,
Yamya,
Yasha,
Yashaswini,
Yashavini,
Yashawanthi,
Yashawini,
Yashika,
Yashila,
Yashita,
Yashoda,
Yashodha,
Yashodhara,
Yashomati,
Yashvi,
Yasika,
Yauvani,
Yazhini,
Yogeeta,
Yogeshwari,
Yogeswary,
Yogishri,
Yogita,
Yogitha,
Yosana,
Yoshika,
Yoshini,
Yoshita,
Yoshitha,
Yubhashana,
Yukta,
Yuktha,
Yukti,
Yura,
Yuthika,
Yuti,
Yutika,
Yuvanasri,
Yuvati,
Yuvika,
Zaitra,
Zansi,
Zantra,
Zarna,
Zeba,
Zenisha,
Zhamak,
Zhindhu,
Zilmil,
Zinal,
Zol,
Zue,
Zyvana,
