Aabheer,
Aadarsh,
Aadav,
Aadavan,
Aadesh,
Aadhan,
Aadhik,
Aadhikesav,
Aadhinath,
Aadhira,
Aadhith,
Aadhunik,
Aadi,
Aadidev,
Aadimoolan,
Aadinadh,
Aadinath,
Aadinathan,
Aadipta,
Aadir,
Aadish,
Aadit,
Aaditey,
Aaditeya,
Aaditya,
Aadvay,
Aadvik,
Aagam,
Aaghosh,
Aagney,
Aagneya,
Aahan,
Aahish,
Aahlaad,
Aahva,
Aahvan,
Aakaar,
Aakaash,
Aakar,
Aakarshan,
Aakash,
Aalap,
Aalok,
Aamil,
Aamod,
Aanan,
Aanand,
Aanandswarup,
Aananthan,
Aanav,
Aandaleeb,
Aanjaneya,
Aanjay,
Aapt,
Aaraadhak,
Aaranyan,
Aarav,
Aardik,
Aarhant,
Aarin,
Aarit,
Aariv,
Aarnav,
Aarodeep,
Aaroha,
Aaromal,
Aarpit,
Aarsh,
Aarshabh,
Aarth,
Aarul,
Aarush,
Aaryan,
Aashadhar,
Aashank,
Aashay,
Aashish,
Aashman,
Aashutosh,
Aastik,
Aatish,
Aatmaj,
Aatreya,
Aayan,
Aayu,
Aayush,
Aayushi,
Aayushmaan,
Abadhya,
Abeesh,
Abeesht,
Aben,
Abhaiveer,
Abhanja,
Abhas,
Abhat,
Abhay,
Abhayan,
Abhayananda,
Abhayaprada,
Abhayd,
Abhaysimha,
Abheek,
Abhey,
Abhi,
Abhibhava,
Abhicandra,
Abhidi,
Abhigyaan,
Abhihita,
Abhijaat,
Abhijat,
Abhijay,
Abhijaya,
Abhijeet,
Abhiji,
Abhijit,
Abhijith,
Abhijun,
Abhijvala,
Abhik,
Abhikama,
Abhikansh,
Abhilash,
Abhim,
Abhimand,
Abhimani,
Abhimanyu,
Abhimanyusuta,
Abhimoda,
Abhin,
Abhinabhas,
Abhinand,
Abhinanda,
Abhinandan,
Abhinandana,
Abhinatha,
Abhinav,
Abhinava,
Abhinavin,
Abhinay,
Abhineet,
Abhinit,
Abhinivesh,
Abhir,
Abhiraam,
Abhiraj,
Abhiraksh,
Abhirakshit,
Abhiram,
Abhirath,
Abhiru,
Abhiruc,
Abhiruchir,
Abhirup,
Abhisar,
Abhisek,
Abhishek,
Abhishikt,
Abhishikth,
Abhisoka,
Abhisumat,
Abhisyanta,
Abhivaadan,
Abhivachan,
Abhivanth,
Abhivira,
Abhlesh,
Abhra,
Abhrakasin,
Abhram,
Abhyagni,
Abhyudaya,
Abhyudit,
Abhyudita,
Abij,
Abijith,
Abilash,
Abimanyu,
Abin,
Abinesh,
Abishek,
Abivanth,
Abjayoni,
Abjit,
Abzar,
Achal,
Achalendra,
Achalraj,
Acharya,
Achintya,
Achuthan,
Achyut,
Achyuta,
Achyuthan,
Adarsh,
Adavak,
Adavan,
Adeep,
Adesh,
Adhav,
Adheash,
Adheer,
Adheesh,
Adhik,
Adhikshit,
Adhiksit,
Adhil,
Adhip,
Adhiraj,
Adhish,
Adhita,
Adhivar,
Adhyaksh,
Adidev,
Adinarayana,
Adinath,
Adipurush,
Adit,
Aditeya,
Adith,
Adithya,
Adithyan,
Aditya,
Adityanandana,
Adityavardhana,
Adityesha,
Adripathi,
Adrut,
Advait,
Advaith,
Advaitha,
Advay,
Advaya,
Advik,
Adwaita,
Adwaith,
Adway,
Adwaya,
Adwithiya,
Adyah,
Aga,
Aganveer,
Agasthya,
Agasti,
Agastya,
Agendra,
Agharna,
Aghat,
Aghora,
Aghosh,
Agneya,
Agnidev,
Agnimitra,
Agniprava,
Agnish,
Agnit,
Agniv,
Agniva,
Agnivesh,
Agraj,
Agyeya,
Ahan,
Ahi,
Ahijit,
Ahil,
Ahilan,
Ainesh,
Airaawat,
Airawat,
Aiyappa,
Aja,
Ajaat,
Ajaatshatru,
Ajamil,
Ajanta,
Ajatashatru,
Ajay,
Ajayan,
Ajeesh,
Ajeet,
Ajesh,
Aji,
Ajil,
Ajit,
Ajitaabh,
Ajitabh,
Ajitesh,
Ajith,
Ajithkumar,
Ajoy,
Akaash,
Akalmash,
Akalpa,
Akand,
Akansh,
Akarsh,
Akash,
Akhil,
Akhilesh,
Akilan,
Akilesh,
Akroor,
Akshaj,
Akshan,
Akshansh,
Akshar,
Akshat,
Akshay,
Akshayaguna,
Akshaykeerti,
Akshit,
Akshobhya,
Akul,
Alagarsamy,
Alaguraja,
Alak,
Alankar,
Alap,
Alhad,
Alok,
Aloke,
Aloki,
Alop,
Alpesh,
Amaan,
Amalan,
Amalendu,
Amalesh,
Amalraj,
Aman,
Amanath,
Amanjot,
Amar,
Amardeep,
Amaresh,
Amarik,
Amaris,
Amarjeet,
Amarnadh,
Amarnath,
Amartya,
Ambar,
Ambareesh,
Ambarish,
Amber,
Ambikapathi,
Ambud,
Ambuj,
Ameal,
Ameet,
Ameil,
Ameya,
Ameyatma,
Ami,
Amil,
Amish,
Amit,
Amitaabh,
Amitabh,
Amitabha,
Amitav,
Amitbikram,
Amitesh,
Amith,
Amitiyoti,
Amitosh,
Amitrasudan,
Amlan,
Amlankusum,
Amod,
Amogh,
Amol,
Amolik,
Amoorta,
Amresh,
Amrik,
Amrish,
Amrit,
Amritambu,
Amritansh,
Amritaya,
Amshu,
Amshul,
Amuk,
Amul,
Anaadi,
Anadi,
Anadya,
Anagh,
Anaka,
Anamay,
Anamitra,
Anand,
Ananda,
Anandan,
Anandapadmanabhan,
Anandaraj,
Anandhakrishnan,
Anandhan,
Anandharaj,
Anando,
Anandu,
Anang,
Ananmaya,
Anant,
Anantajeet,
Anantajit,
Anantharaj,
Anantram,
Ananyaj,
Ananyo,
Anargh,
Anathakrishnan,
Anav,
Anay,
Anbananthan,
Anbarasan,
Anbarasu,
Anburaj,
Anbuselvan,
Aneesh,
Anek,
Anesh,
Angaar,
Angad,
Angada,
Angaj,
Angak,
Aniij,
Anik,
Anikait,
Aniket,
Anil,
Anilaabh,
Anilatmaja,
Animesh,
Animish,
Anindith,
Anindya,
Anirab,
Aniran,
Aniruddha,
Anirudh,
Anirudha,
Anirudhha,
Anirvan,
Anirvinya,
Anish,
Anit,
Aniteja,
Anjal,
Anjan,
Anjaney,
Anjas,
Anjasa,
Anjor,
Anjuman,
Ankal,
Ankit,
Ankur,
Ankush,
Anmay,
Anmol,
Anniruddha,
Annuabhuj,
Anoop,
Anram,
Ansh,
Anshu,
Anshuk,
Anshul,
Anshumaan,
Anshuman,
Anshumat,
Ansuman,
Antariksh,
Antim,
Anuansh,
Anubhav,
Anuha,
Anuhlad,
Anuj,
Anunay,
Anup,
Anupam,
Anuraag,
Anurag,
Anuraj,
Anush,
Anuttam,
Anuva,
Anuvrat,
Anvesh,
Aparajit,
Aparesh,
Apoorva,
Appaji,
Apparajito,
Appukuttan,
Aprameya,
Apuroop,
Apurva,
Aran,
Aranab,
Aranya,
Aranyak,
Arasu,
Arav,
Aravali,
Aravan,
Aravind,
Aravindan,
Arbinderpreet,
Archan,
Archit,
Ardan,
Ardhendu,
Areehah,
Arghya,
Arha,
Arhan,
Arhat,
Arihaan,
Arihan,
Arihant,
Arij,
Arijit,
Arin,
Arindam,
Arins,
Arivalagan,
Arivanandhan,
Arivazhagan,
Ariyaratna,
Ariyasiri,
Arja,
Arjit,
Arjun,
Arka,
Arkesh,
Arman,
Armon,
Arnab,
Arnav,
Arnesh,
Arohan,
Aromal,
Arpan,
Arpit,
Arpitesh,
Arputharaj,
Arrush,
Arshad,
Arshan,
Arshya,
Artagnan,
Arthish,
Aruj,
Arul,
Arulmani,
Arumugam,
Arun,
Arunachalam,
Arunachaleshwara,
Arunakar,
Arunakham,
Arunesh,
Arunkiran,
Arunopal,
Arunraj,
Arup,
Arush,
Arushan,
Arvan,
Arvind,
Arya,
Aryadita,
Aryaditya,
Aryamaan,
Aryaman,
Aryan,
Aryanathan,
Aryav,
Aryavan,
Asav,
Aseem,
Ashank,
Ashcharya,
Asheesh,
Ashesh,
Ashiq,
Ashirvad,
Ashish,
Ashit,
Ashlesh,
Ashok,
Ashoka,
Ashokan,
Ashray,
Ashrith,
Ashu,
Ashutosh,
Ashvath,
Ashvik,
Ashvin,
Ashwaghosh,
Ashwanth,
Ashwas,
Ashwat,
Ashwath,
Ashwathama,
Ashwatthama,
Ashwin,
Ashwitha,
Asish,
Asit,
Asitvaran,
Aslesh,
Asokan,
Asseem,
Asuman,
Aswantha,
Aswath,
Aswin,
Aswinth,
Atal,
Atambhu,
Atamendra,
Atanu,
Ateet,
Atharv,
Atharva,
Atharvan,
Athavale,
Athawale,
Athmalingam,
Athrv,
Athul,
Atiksh,
Atimanav,
Atish,
Atishay,
Atith,
Atithi,
Atma,
Atmajyoti,
Atman,
Atmanand,
Atmananda,
Atmaveer,
Atmiya,
Atraiu,
Attam,
Atul,
Atulprasad,
Atulya,
Aurav,
Aurva,
Avadh,
Avadhesh,
Avalok,
Avaneesh,
Avanindra,
Avanish,
Avashesh,
Avasyu,
Avatar,
Aveer,
Avi,
Avichal,
Avijit,
Avikam,
Avilash,
Avinash,
Avinashi,
Aviral,
Avirat,
Avish,
Avkash,
Avtar,
Avyaan,
Avyakta,
Avyukt,
Avyukta,
Awaz,
Axar,
Ayaan,
Ayan,
Ayas,
Ayavanth,
Ayog,
Ayush,
Ayushmaan,
Ayushman,
Ayyappa,
Ayyappan,
Azad,
Aziz,
Baabul,
Baadal,
Baalaark,
Baalaji,
Baalkrishan,
Baanbhatt,
Baanke Bihaari,
Baaskaran,
Babala,
Baban,
Babeesh,
Babhravi,
Babhulkar,
Babin,
Babjan,
Babji,
Bablo,
Babudas,
Babul,
Babulal,
Babumohan,
Baburaj,
Bachira,
Bachu,
Badal,
Badam,
Badari,
Badarinath,
Badhusa,
Badre,
Badri,
Badrinadh,
Badrinarayan,
Badrinath,
Badriprasad,
Badrulla,
Bagirath,
Bagyaraj,
Bahubali,
Bahuleya,
Bahuleyan,
Bahuliya,
Bahumanya,
Bahumanyam,
Bahurai,
Baidyanath,
Baiju,
Bailanie,
Baira,
Baireddy,
Baiwab,
Baizura,
Bajeesh,
Bajrang,
Bajrangi,
Bakibulla,
Bakiyaraj,
Bakool,
Bakul,
Balaaditya,
Balaasundaram,
Balabalaji,
Balachakravarthy,
Balachandan,
Balachandar,
Balachandra,
Balachandran,
Baladasan,
Balaganesan,
Balagirish,
Balagopal,
Balagovind,
Balaji,
Balakrishna,
Balakrishnan,
Balamani,
Balamohan,
Balamurali,
Balamurugan,
Balan,
Balaraj,
Balaraju,
Balaram,
Balarama,
Balashankar,
Balasubramanian,
Balavan,
Balavant,
Balavir,
Balbeer,
Balbhadra,
Balbir,
Baldev,
Balendra,
Balendu,
Balgopal,
Balgovind,
Bali,
Ballabh,
Balraj,
Balram,
Balravi,
Balu,
Balvant,
Balveer,
Balvindra,
Balwant,
Banaj,
Banajit,
Banbihari,
Bandhu,
Bandhul,
Bandhula,
Banduka,
Baneet,
Banikant,
Banister,
Banke,
Banke Bihari,
Bankebihari,
Bankim,
Bankimchandra,
Banshi,
Banshidhar,
Bansi,
Bansilal,
Bansuri,
Banwari,
Barani,
Barathan,
Barathiraja,
Barid,
Barindra,
Barketram,
Barsaat,
Barun,
Basak,
Basant,
Basanta,
Basav,
Basavaraj,
Basdev,
Basistha,
Baskar,
Baskaran,
Basudeb,
Batuk,
Beerud,
Benil,
Benoy,
Bhadrak,
Bhadrakapil,
Bhadraksh,
Bhadrashree,
Bhadresh,
Bhagat,
Bhagavaan,
Bhagesh,
Bhagirath,
Bhagwant,
Bhagyaraj,
Bhairav,
Bhajan,
Bhalendra,
Bhalendu,
Bhanesh,
Bhanu,
Bhanudas,
Bhanumitra,
Bhanuprakash,
Bhanuprasad,
Bharadwaj,
Bharat,
Bharath,
Bharddwaj,
Bhargav,
Bhargava,
Bhargavan,
Bhartesh,
Bhartihari,
Bhasin,
Bhaskar,
Bhaskaran,
Bhasker,
Bhasvan,
Bhaswar,
Bhaumik,
Bhav,
Bhav-bhooti,
Bhavan,
Bhaveeth,
Bhavesh,
Bhavik,
Bhavin,
Bhawanidas,
Bheemesh,
Bheemsen,
Bheesham,
Bheru,
Bhim,
Bhishma,
Bhoj,
Bhojaraja,
Bholanath,
Bhoopat,
Bhoopendra,
Bhooshan,
Bhooshit,
Bhoumik,
Bhramar,
Bhrigu,
Bhudev,
Bhudhav,
Bhuman,
Bhumi,
Bhupad,
Bhupal,
Bhupathi,
Bhupati,
Bhupen,
Bhupendra,
Bhupesh,
Bhushan,
Bhuvan,
Bhuvanesh,
Bhuvaneshwar,
Bhuvesh,
Bibek,
Bibhas,
Biboswan,
Bijal,
Bijeesh,
Bijesh,
Bikash,
Bilva,
Bimal,
Bimb,
Bimbisaar,
Bindusar,
Bineesh,
Binesh,
Binoj,
Binoy,
Binu,
Bipin,
Bir,
Birbal,
Biren,
Birendra,
Birinder,
Birju,
Bisaj,
Biswajit,
Boban,
Bodhan,
Boobalan,
Boudhayan,
Brahma,
Brahmaanand,
Brahmabrata,
Brahmadutt,
Brahmanand,
Braj,
Brajamohan,
Brajendra,
Brajesh,
Brajraaj,
Bramhaghosh,
Bramhanand,
Bratindra,
Brent,
Brihant,
Brij,
Brijesh,
Brijkishor,
Brijmohan,
Brijnandan,
Brijraj,
Brirar,
Buddha,
Buddhadev,
Buddhadeva,
Buddhapriya,
Budhil,
Bukka,
Cariappa,
Carshavardhan,
Caturasva,
Caturnana,
Cedija,
Cekitana,
Cetrama,
Chaaduryan,
Chaanakya,
Chaantanu,
Chaaruchandra,
Chaarudatt,
Chaaruhaas,
Chaarvik,
Chada,
Chadra,
Chadrashekhar,
Chaduvula,
Chaeralathan,
Chaganti,
Chaggan,
Chahel,
Chailish,
Chain,
Chaisaran,
Chaitan,
Chaitanya,
Chakor,
Chakraborty,
Chakradev,
Chakradhar,
Chakradhwaj,
Chakrapaani,
Chakravartee,
Chakravarthi,
Chakresh,
Chakri,
Chakshan,
Chakshu,
Chalan,
Chalapaka,
Chalapathi,
Chaman,
Chamanlal,
Champak,
Champaka,
Champion,
Chamu,
Chamundrai,
Chan,
Chanaakya,
Chanak,
Chanakya,
Chanchal,
Chanchalpreet,
Chanchareek,
Chand,
Chandak,
Chandaka,
Chandan,
Chandanwant,
Chandar,
Chandaram,
Chandarmouli,
Chandarshekara,
Chandavarman,
Chandeedaas,
Chander,
Chander Raj,
Chandermoon,
Chandidas,
Chandmal,
Chandra,
Chandra Sekhar,
Chandraabhaa,
Chandraaditya,
Chandraanan,
Chandraayan,
Chandrababu,
Chandrabhan,
Chandrachur,
Chandradatt,
Chandragupt,
Chandrahaas,
Chandrahas,
Chandrak,
Chandrakant,
Chandrakanth,
Chandraketu,
Chandrakin,
Chandrakiran,
Chandrakirthi,
Chandrakishore,
Chandrakumar,
Chandramaadhav,
Chandramauli,
Chandramohan,
Chandramouli,
Chandran,
Chandranath,
Chandrapol,
Chandraprakaash,
Chandraprakash,
Chandraraj,
Chandrasekar,
Chandrasekhar,
Chandrasen,
Chandrashekar,
Chandrashekhar,
Chandratha,
Chandravadan,
Chandravardhan,
Chandregowda,
Chandren,
Chandresh,
Chandrodaya,
Chandrpeed,
Chandru,
Chandrudasan,
Chandrusekhar,
Chandu,
Chane,
Chanyana,
Chapal,
Charak,
Charan,
Charanjit,
Charnjit,
Charudatta,
Charudutta,
Charusheel,
Charuvardhana,
Charuvindha,
Charuvrat,
Chathur,
Chathura,
Chatresh,
Chatur,
Chaturaanan,
Chaturbhuj,
Chetak,
Chetan,
Chetanaanand,
Chethan,
Chhaayank,
Chhandak,
Chhatrabhuj,
Chidaakaash,
Chidaatma,
Chidambar,
Chidambara,
Chidambaram,
Chidananda,
Chidhatma Big Soul,
Chikku,
Chiman,
Chinar,
Chinmay,
Chinmaya,
Chinmayananda,
Chinmayu,
Chintak,
Chintan,
Chintav,
Chintu,
Chinu,
Chirag,
Chiranjeev,
Chiranjeevi,
Chiranjiv,
Chirantan,
Chirayu,
Chitesh,
Chitrabaahu,
Chitrabhanu,
Chitragupt,
Chitragupta,
Chitraketu,
Chitraksh,
Chitral,
Chitraman,
Chitrarath,
Chitrasen,
Chitt,
Chittaprasad,
Chittaranjan,
Chittaswarup,
Chittesh,
Cholan,
Chudamani,
Chunmay,
Chyavan,
Citrya,
Daamodar,
Daamodhura,
Daanesh,
Daaruk,
Daarun,
Dabeet,
Dadasaheb,
Dadhikra,
Daevarshan,
Daha,
Dahana,
Daitya,
Daityas,
Daivik,
Daivya,
Daiwik,
Daksh,
Dakshesh,
Dakshi,
Dakshin,
Dakshinamoorthy,
Dakshinayan,
Dakshinesh,
Dakshit,
Dalajit,
Dalbhya,
Dalpati,
Daman,
Damodar,
Damodaran,
Dandak,
Dandapaani,
Danesh,
Danielle,
Danish,
Danta,
Danuj,
Danush,
Danvir,
Dany,
Darman,
Darmendra,
Darmik,
Darpad,
Darpahan,
Darpak,
Darpan,
Darsan,
Darsaniya,
Darsh,
Darshak,
Darshan,
Darshangeet,
Darsheel,
Darshil,
Darshish,
Darshit,
Daru,
Daruka,
Daruna,
Daruyat,
Dasabahu,
Dasaketu,
Dasarad,
Dasarna,
Dasharath,
Dasharathi,
Dashasava,
Dashee,
Dasmaya,
Daspada,
Dasu,
Datrim,
Datta,
Dattatreya,
Dattey,
Dattra,
Dattravat,
Davarika,
Davinderjot,
Davuth,
Dayaakar,
Dayaal,
Dayaanidhi,
Dayada,
Dayadeep,
Dayakar,
Dayakara,
Dayamaiah,
Dayamay,
Dayanand,
Dayananda,
Dayanidhan,
Dayanidhi,
Dayant,
Dayaram,
Dayasagar,
Dayasagara,
Dayashankar,
Dayaswarup,
Dayesh,
Dayyan,
Deakshit,
Debajyoti,
Debamallya,
Debashis,
Debashish,
Debasis,
Debasish,
Debayan,
Debjit,
Debpratim,
Debraj,
Deedar,
Deekshith,
Deelaksha,
Deenabandhav,
Deenabandhu,
Deenadayaal,
Deenanath,
Deenath,
Deenbabdhu,
Deendaya,
Deenpreet,
Deenprem,
Deep,
Deepaan,
Deepak,
Deepakraj,
Deepan,
Deepankar,
Deepanshu,
Deependra,
Deependu,
Deepesh,
Deepinder,
Deepit,
Deepjay,
Deepmohan,
Deepnivas,
Deepsundar,
Deeptanshu,
Deeptendu,
Deeptesh,
Deeptiman,
Deeptimoy,
Deepu,
Deeshan,
Dehabhrt,
Dehabhuj,
Dehaja,
Dehay,
Dehesvara,
Denish,
Deshad,
Dev,
Dev Kumar,
Devaapi,
Devabrata,
Devachandra,
Devadarshan,
Devadas,
Devadatt,
Devadatta,
Devadeva,
Devadhipa,
Devadutt,
Devadyumna,
Devagya,
Devaj,
Devajuta,
Devajyoti,
Devak,
Devakantha,
Devakeenandan,
Devakumar,
Deval,
Devamadana,
Devanand,
Devang,
Devank,
Devansh,
Devaraj,
Devarpana,
Devarsh,
Devarsi,
Devarya,
Devashish,
Devbrata,
Devdarsh,
Devdas,
Devdatta,
Devdutta,
Deveedaas,
Devender,
Devendra,
Devendranath,
Devesh,
Deveshwar,
Devguru,
Devi,
Devidas,
Devilaal,
Devilal,
Deviprasad,
Devkinandan,
Devkumar,
Devnarayan,
Devnath,
Devpad,
Devraaj,
Devraj,
Devrat,
Devvrata,
Dhairya,
Dhanajit,
Dhananad,
Dhananjay,
Dhanapati,
Dhanasekar,
Dhanasekaran,
Dhaneesh,
Dhanesh,
Dhanraj,
Dhansukh,
Dhanu,
Dhanush,
Dhanvant,
Dhanvantari,
Dhanvin,
Dhanvine,
Dharamnishth,
Dharanidhar,
Dharendra,
Dharesh,
Dharin,
Dharitree,
Dharm-mitra,
Dharma,
Dharmachandra,
Dharmadaas,
Dharmadas,
Dharmadev,
Dharmaditya,
Dharmakeerti,
Dharmaketu,
Dharmanand,
Dharmaraaj,
Dharmaraj,
Dharmaveer,
Dharmendra,
Dharmendu,
Dharmesh,
Dharmik,
Dharmpaal,
Dharmpal,
Dharmveer,
Dharuna,
Dhaval,
Dhavalachandra,
Dhawal,
Dheeman,
Dheemant,
Dheemanth,
Dheer,
Dheeraj,
Dheeran,
Dheerandra,
Dheerendra,
Dheivamani,
Dhevan,
Dhevaneyan,
Dhikshit,
Dhilan,
Dhilip,
Dhimant,
Dhinakaran,
Dhinanta,
Dhipin,
Dhir,
Dhiraj,
Dhiren,
Dhirendra,
Dhoni,
Dhritiman,
Dhritul,
Dhrupad,
Dhrupal,
Dhrushya,
Dhruv,
Dhruva,
Dhruvah,
Dhruvaka,
Dhruvansh,
Dhurya,
Dhyaan,
Dhyanesh,
Dhyaneshwar,
Dhyansh,
Dibin,
Digambar,
Digamber,
Digant,
Digvastra,
Digvijay,
Dijesh,
Dikshan,
Dilawar,
Dilber,
Dileep,
Dilip,
Dilma,
Dinakar,
Dinakaran,
Dinanath,
Dinanta,
Dinapati,
Dinar,
Dindayal,
Dinendra,
Dinesh,
Dinkar,
Dinpal,
Dipak,
Dipen,
Dipendu,
Dipesh,
Dipin,
Diptanshu,
Dishanta,
Divaakar,
Divakar,
Divaspati,
Divit,
Divyam,
Divyanga,
Divyansh,
Divyanshu,
Divyendu,
Divyesh,
Dron,
Drupad,
Duddu,
Dulal,
Durai,
Durairaj,
Duranjaya,
Durga Prasad,
Durgadas,
Durgadutt,
Durgaprasad,
Durgesh,
Durijesh,
Durja,
Durjaya,
Durmada,
Durvesh,
Durvish,
Dushyant,
Dushyanta,
Dvimidha,
Dwaaraka-nath,
Dwaipayan,
Dwaraka-daas,
Dwarakaa,
Dwijaraj,
Dwijendra,
Dwijesh,
Dyotin,
Dyuksa,
Dyumani,
Dyumat,
Dyumna,
Dyutit,
Eash,
Eashan,
Edhas,
Edi,
Ednit,
Eeshwar,
Eha,
Ehimay,
Eka,
Ekaaksh,
Ekaakshara,
Ekaant,
Ekaatmaa,
Ekachakra,
Ekachandra,
Ekachith,
Ekadant,
Ekagrah,
Ekaksha,
Ekala,
Ekalavya,
Ekaling,
Ekalinga,
Ekambar,
Ekamjeet,
Ekamveer,
Ekana,
Ekanath,
Ekanga,
Ekani,
Ekansh,
Ekapad,
Ekaparusa,
Ekaraj,
Ekatan,
Ekavir,
Ekavira,
Ekayavan,
Ekbal,
Ekesa,
Ekeshwar,
Eklavya,
Eknath,
Ekodar,
Ekram,
Elango,
Elangovan,
Elayaraja,
Elumalai,
Eman,
Esakkimuthu,
Esh,
Eshan,
Eshwar,
Eshwaransh,
Eshwardutt,
Eswanth,
Eswar,
Eswaraiah,
Eswaramoorthy,
Eswaran,
Etash,
Ettan,
Evyavan,
Ezhumalai,
Faaz,
Fadendra,
Falgu,
Falguni,
Fanibhusan,
Fanibhushan,
Fanindra,
Fanish,
Fanishwar,
Farhad,
Farid,
Farookh,
Fenil,
Gadhadhar,
Gadin,
Gadiva,
Gagan,
Gagandeep,
Gaganvihari,
Gagnesh,
Gajaadhar,
Gajanan,
Gajanand,
Gajbaahu,
Gajdant,
Gajendra,
Gajendranath,
Gajkaran,
Gajpati,
Gajrup,
Gajvadan,
Gambheer,
Ganak,
Ganaka,
Ganapathi,
Ganapathy,
Ganapati,
Ganaraj,
Ganav,
Gandesha,
Gandhaa,
Gandham,
Gandhar,
Gandharaj,
Gandharv,
Gandharva,
Gandhi,
Gandhik,
Gandhodi,
Gandira,
Gandiva,
Ganeh,
Ganendra,
Ganes,
Ganesan,
Ganesh,
Ganeshan,
Ganessin,
Gangadatt,
Gangadhar,
Gangadharan,
Gangadutt,
Gangesh,
Gangesha,
Gangeya,
Gangol,
Ganisha,
Ganjam,
Ganjan,
Ganji,
Gannaath,
Ganne,
Gannon,
Ganpat,
Garg,
Garisht,
Garjan,
Garud,
Garuda,
Garv,
Gatik,
Gaunarda,
Gaur,
Gaurab,
Gaurabh,
Gaural,
Gaurang,
Gaurav,
Gauresa,
Gauresh,
Gaurik,
Gaurikant,
Gaurinandan,
Gaurinath,
Gaurisa,
Gaurish,
Gaurishankar,
Gaurisuta,
Gaurrav,
Gausra,
Gautam,
Gautav,
Gautham,
Gavade,
Gavara,
Gavaskar,
Gavendra,
Gaveshan,
Gavesin,
Gavisht,
Gavistha,
Gavli,
Gavya,
Gawtam,
Gayak,
Gayaka,
Gayan,
Gayand,
Geet,
Geetham,
Geethik,
Geetprakash,
Geyarajan,
Ghamandpreet,
Ghanaanand,
Ghanashyam,
Ghanendra,
Ghansham,
Ghanshyam,
Ghantasala,
Ghrtapas,
Ghulamnabi,
Ghuruvaran,
Gianjeet,
Gibin,
Gigyansh,
Girdhari,
Gireesh,
Giri,
Giridari,
Giridhar,
Giridharan,
Girijanandan,
Girik,
Girilal,
Girindra,
Giriraj,
Girish,
Girivar,
Girvaan,
Gitashri,
Gnanadesikan,
Gnanasekaran,
Gobhil,
Gobinath,
Gogula,
Gokul,
Gokulakrishnan,
Gopal,
Gopalakrishnan,
Gopan,
Gopesh,
Gopi,
Gopichand,
Gopikrishna,
Gopinath,
Gopinathan,
Gorakh,
Gorakh-naath,
Goral,
Gordhan,
Goswamee,
Gourab,
Gourav,
Gourishankar,
Goutam,
Goutham,
Govardhan,
Govind,
Govinda,
Govindaraj,
Govindaraju,
Gowrisankar,
Gowtham,
Grahish,
Granthik,
Grihith,
Grishm,
Gruhit,
Gudakesha,
Guhya,
Gulab,
Gulal,
Gulshan,
Gulzar,
Gulzarilal,
Guna,
Gunaakar,
Gunagya,
Gunaja,
Gunalan,
Gunamay,
Gunaratna,
Gunaseelan,
Gunasekar,
Gunasekaran,
Gunayukth,
Gunin,
Gunina,
Gunjan,
Gunvant,
Gunwant,
Gupil,
Gurbachan,
Gurcharan,
Gurdayal,
Gurdeep,
Gurjas,
Gurjop,
Gurman,
Gurmeet,
Gurmukh,
Gurnam,
Gurpreet,
Gursan,
Gursharan,
Guru,
Guru Prasad,
Gurubachan,
Gurucharan,
Gurudas,
Gurudatt,
Gurudutt,
Guruprasad,
Gururaj,
Gurusharan,
Guruttam,
Gyan,
Gyandev,
Haarikrishnna,
Haarsh,
Haipriya,
Hajay,
Haji,
Hakesh,
Haldar,
Hamant,
Hamatha,
Hamendra,
Hamsa,
Hanamanth,
Hanish,
Hansaraj,
Hanshal,
Hansin,
Hansraaj,
Hanuman,
Hanumant,
Har,
Hara,
Haraksa,
Haranadh,
Hardhik,
Hardik,
Hare Krishna,
Hareendra,
Hareesh,
Harekrishna,
Harendra,
Haresh,
Hareshwar,
Hari,
Hariaksa,
Haribabu,
Haricharan,
Haridas,
Haridev,
Harigopal,
Harihar,
Hariharan,
Harij,
Harikanth,
Harikrishna,
Harikrishnan,
Harilal,
Harinaksh,
Harinarayan,
Harinath,
Harindra,
Harindranath,
Hariom,
Hariprasad,
Haripreet,
Hariraj,
Hariram,
Harisankar,
Harisankara,
Harish,
Harishankar,
Harishchandra,
Harit,
Haritbaran,
Harivansh,
Harivilaas,
Harjeet,
Harjit,
Harkrishna,
Harman,
Harmendra,
Haroon,
Harrey,
Harsh,
Harshad,
Harshal,
Harshaman,
Harshan,
Harshavardhan,
Harshdeep,
Harshil,
Harshit,
Harshith,
Harshul,
Harshvardhan,
Harteij,
Hary,
Hasan,
Hasit,
Hasmukh,
Hastin,
Havish,
Hem,
Hemaadri,
Hemachandra,
Hemadri,
Hemakesh,
Hemal,
Hemamdar,
Hemang,
Hemanga,
Hemant,
Hemanta,
Hemanth,
Hemaprakash,
Hemaprasad,
Hemaraj,
Hemavatinandan,
Hemchander,
Hemdev,
Hemen,
Hemendra,
Hemendu,
Hemish,
Hemraaj,
Hemraj,
Heramb,
Heramba,
Hetal,
Himaadri,
Himaanshu,
Himachal,
Himadri,
Himaghna,
Himalay,
Himanish,
Himank,
Himanshu,
Himansu,
Himesh,
Himmat,
Himnish,
Hindola,
Hira,
Hiran,
Hiranmay,
Hiranmaya,
Hiranya,
Hiranyak,
Hiren,
Hirendra,
Hiresh,
Hitansh,
Hitarth,
Hiten,
Hitendra,
Hitesh,
Hrehaan,
Hriday,
Hridayanand,
Hridayanath,
Hridayesh,
Hridaynath,
Hridhaan,
Hridyanshu,
Hrik,
Hriman,
Hrishi,
Hrishikesh,
Hrithik,
Hritik,
Hryday,
Hrydayesh,
Hurditya,
Ibhanan,
Ichaa,
Idaspati,
Idhant,
Idhyah,
Ihit,
Ijay,
Ijya,
Ikesh,
Ikjeet,
Ikshan,
Ikshit,
Ikshu,
Ilakiyen,
Ilamaran,
Ilamathi,
Ilango,
Ilashpasti,
Ilavalagan,
Ilavarasan,
Ilayaraj,
Ilayaraja,
Ilesh,
Ilisa,
Imaran,
Ina,
Inakanta,
Inbanathan,
Indarmeet,
Indarpal,
Indarpreet,
Indarprem,
Indeevar,
Indeever,
Inder Kant,
Indermaan,
Indiran,
Indiresh,
Indivar,
Indra,
Indraarjun,
Indrabh,
Indrachap,
Indradatt,
Indradhanush,
Indraditya,
Indradutt,
Indradyumn,
Indragop,
Indrajeet,
Indrajit,
Indrajith,
Indran,
Indraneel,
Indrasen,
Indrasuta,
Indratan,
Indravadan,
Indresh,
Indubhusan,
Indubhushan,
Induhasan,
Induj,
Indukant,
Indukanth,
Indulal,
Induleksh,
Indumal,
Indumat,
Indumauli,
Indushekhar,
Inesh,
Inganam,
Inoday,
Ipsit,
Iraianbu,
Iraj,
Iranna,
Iravan,
Iresh,
Iri,
Isaivalan,
Ish,
Ishaan,
Ishan,
Ishana,
Ishant,
Ishanth,
Ishik,
Ishit,
Ishpreet,
Ishq,
Ishranth,
Ishtarth,
Ishu,
Ishwar,
Iswarya,
Jaai,
Jaaijit,
Jabaar,
Jabar,
Jabarr,
Jabbaar,
Jag,
Jag Jeevan,
Jagachandra,
Jagadayu,
Jagadbandu,
Jagadeep,
Jagadees,
Jagadeesan,
Jagadeesh,
Jagadev,
Jagadhidh,
Jagadhish,
Jagadip,
Jagadish,
Jagajeet,
Jagajeevan,
Jagan,
Jaganathan,
Jaganmay,
Jagannath,
Jagat,
Jagatbehari,
Jagatguru,
Jagatheesh,
Jagatkishor,
Jagatpal,
Jagatprabhu,
Jagatprakash,
Jagatveer,
Jagdeep,
Jagdeo,
Jagdish,
Jagesh,
Jagger,
Jagish,
Jagjeevan,
Jagmohan,
Jagrav,
Jahi,
Jahnu,
Jai,
Jaichand,
Jaidayal,
Jaideep,
Jaidev,
Jaigath,
Jaigopal,
Jaikrishna,
Jaiman,
Jaimini,
Jainarayan,
Jainil,
Jaipal,
Jaiprakash,
Jairaj,
Jairam,
Jaisai,
Jaisal,
Jaishankar,
Jaisukh,
Jaithra,
Jaitra,
Jaival,
Jaivant,
Jaivardhan,
Jaiveer,
Jaivir,
Jaiwant,
Jakarious,
Jalad,
Jalancala,
Jalbhushan,
Jaldev,
Jaldhar,
Jalendra,
Jalendu,
Jalesh,
Jalindra,
Jalsa,
Jambavan,
Janagiri,
Janak,
Janakibhushan,
Janakidas,
Janakinath,
Janakiraman,
Janam,
Janamejay,
Janamejaya,
Janapati,
Janardan,
Janardhan,
Janardhana,
Janav,
Janbaaj,
Janeesh,
Janendra,
Janesh,
Jangbahadur,
Janik,
Janish,
Janjeet,
Jankesh,
Jankinath,
Jankiram,
Janmesh,
Janmeya,
Jannanish,
Jannavi,
Janpal,
Janpreet,
Jantek,
Janu,
Janyuh,
Japa,
Japaap,
Japan,
Japbir,
Japdharam,
Japendra,
Japendu,
Japesh,
Japeth,
Japmant,
Jaritri,
Jasal,
Jasamit,
Jasapal,
Jasbeer,
Jash,
Jashith,
Jasjit,
Jaskamal,
Jaskaran,
Jasmanvir,
Jasmohinder,
Jasodhra,
Jaspal,
Jasprem,
Jasraj,
Jasroop,
Jastej,
Jasveer,
Jasvinder,
Jasvir,
Jaswant,
Jaswanth,
Jaswin,
Jata Shankar,
Jataayu,
Jatak,
Jatan,
Jatasya,
Jatin,
Jatya,
Javed,
Javeed,
Javesh,
Jawahar,
Jay,
Jayachand,
Jayachandran,
Jayad,
Jayadeep,
Jayadev,
Jayaditya,
Jayakrishan,
Jayakrishna,
Jayakrishnan,
Jayakumar,
Jayan,
Jayanand,
Jayant,
Jayanta,
Jayanth,
Jayapal,
Jayaprakash,
Jayaraj,
Jayaram,
Jayaraman,
Jayaseelan,
Jayashankar,
Jayashekhar,
Jayawant,
Jayendra,
Jayesh,
Jayin,
Jaysukh,
Jeemutbahan,
Jeeva,
Jeeval,
Jeevan,
Jeevanprakash,
Jeevaraaj,
Jeevesh,
Jegadeesh,
Jeganathan,
Jeganathan,
Jenish,
Jeshwanth,
Jeyakumar,
Jeyan,
Jeyaraman,
Jhoomer,
Jhulier,
Jhumar,
Jigar,
Jiger,
Jignesh,
Jijesh,
Jiji,
Jijin,
Jilesh,
Jimuta,
Jina,
Jinabhadra,
Jinadath,
Jinadev,
Jineesh,
Jinendra,
Jinesh,
Jino,
Jinu,
Jishnu,
Jitamitra,
Jitender,
Jitendra,
Jithesh,
Jithin,
Jithu,
Jitin,
Jitu,
Jiva,
Jival,
Jivan,
Jivana,
Jivin,
Jivitesh,
Jivon,
Jivraj,
Jnyandeep,
Jnyaneshwar,
Jobish,
Jogarao,
Jogesh,
Joginder,
Jogindra,
Jograj,
Jomon,
Joshwa,
Joydeep,
Joydev,
Jubin,
Jugal,
Jugnu,
Jusal,
Jwalant,
Jwalaprasad,
Jwalia,
Jyestha,
Jyothi Prakash,
Jyothish,
Jyotichandra,
Jyotindra,
Jyotiprakash,
Jyotiranjan,
Jyotirdhar,
Jyotirmaya,
Jyotirmoy,
Kaalappan,
Kaalathi,
Kaaliya,
Kaalki,
Kaamaari,
Kaami,
Kaamjaa,
Kaan,
Kaanan,
Kaanishik,
Kaapalin,
Kaarikaa,
Kaarmugilan,
Kaarmuhilan,
Kaarti,
Kaartikey,
Kaartikeya,
Kaarvannan,
Kaashinaath,
Kaashinath,
Kabal,
Kabeer,
Kabilan,
Kabir,
Kadamb,
Kaditula,
Kailas,
Kailash,
Kailashchandra,
Kailashnath,
Kairav,
Kaivalya,
Kal-hans,
Kaladhar,
Kalaiselvan,
Kalaivanan,
Kalanath,
Kalanath Krishna,
Kalanidhi,
Kalap,
Kalapriya,
Kalash,
Kaleecharan,
Kalicharan,
Kalidas,
Kalimohan,
Kaling,
Kalipada,
Kaliranjan,
Kalith,
Kalkin,
Kallol,
Kalpa,
Kalpak,
Kalpanath,
Kalpesh,
Kalpit,
Kalyan,
Kamadev,
Kamalaapati,
Kamalaj,
Kamalakar,
Kamalaksh,
Kamalan,
Kamalanayan,
Kamalanta,
Kamalapathi,
Kamalapati,
Kamalbandhu,
Kamaldev,
Kamaldip,
Kamalesh,
Kamalkant,
Kamalmohan,
Kamalnath,
Kamalnayan,
Kamalprakash,
Kamalraj,
Kamalroop,
Kamapala,
Kamaraj,
Kamarasan,
Kamaroopin,
Kamarupa,
Kamat,
Kamban,
Kambod,
Kambodi,
Kamboj,
Kambojha,
Kamesh,
Kameswar,
Kamik,
Kamin,
Kamlakant,
Kamlapati,
Kamlesh,
Kamod,
Kampu,
Kamraj,
Kamran,
Kamsa,
Kamsantak,
Kamukh,
Kamyak,
Kan,
Kanaan,
Kanad,
Kanagaraj,
Kanagarajan,
Kanagu,
Kanaiya,
Kanak,
Kanakamya,
Kanakaraju,
Kanakarasa,
Kanal,
Kanav,
Kanayaha,
Kanchanabha,
Kancuka,
Kandan,
Kandarp,
Kandarpa,
Kandhan,
Kaneer,
Kanha,
Kanhai,
Kanhaiya,
Kanhaiyalal,
Kanish,
Kanishk,
Kanishta,
Kanisik,
Kanj,
Kanja,
Kankeya,
Kankeyan,
Kanksita,
Kannan,
Kannmani,
Kantilal,
Kantimoy,
Kanu,
Kanv,
Kanvar,
Kanwal,
Kanwalinder,
Kanwaljeet,
Kanwaljit,
Kanwalkishore,
Kanwarbir,
Kanwardeep,
Kanwarinder,
Kanwarjagat,
Kapaali,
Kapi,
Kapidhwaj,
Kapil,
Kapil Dev,
Kapilashwar,
Kapindra,
Kapirath,
Kapish,
Kapoor,
Karan,
Karm,
Karmendra,
Karmjit,
Karna,
Karnabhushan,
Karnajeet,
Karnam,
Karnik,
Karpoor,
Kartar,
Karthick,
Karthigeyan,
Karthik,
Karthikeya,
Karthikeyan,
Kartik,
Kartikeya,
Kartikeyan,
Karun,
Karunaanidhi,
Karunakar,
Karunakaran,
Karunamaya,
Karunashankar,
Karunesh,
Karunya,
Karuppasamy,
Karuppusamy,
Kaschith,
Kashi,
Kashinath,
Kashiprasad,
Kashyap,
Kasinathan,
Kasish,
Kathiravan,
Kathirvel,
Kathith,
Katyayan,
Kaunteya,
Kausar,
Kaushal,
Kaushik,
Kaustav,
Kaustubh,
Kautik,
Kautilya,
Kaveesha,
Kavel,
Kavi,
Kavin,
Kavindra,
Kavir,
Kaviraj,
Kavish,
Kayaan,
Kayosh,
Kedaar,
Kedarnath,
Keertan,
Keerthinath,
Keerthish,
Kesav,
Kesavan,
Keshav,
Keshava,
Keshto,
Ketak,
Ketan,
Ketu,
Ketubh,
Keva,
Keval,
Kevalkishore,
Kevalkumar,
Kewal,
Keyur,
Kha,
Khagendra,
Khagesh,
Khajit,
Kharanshu,
Khemchand,
Khemprakash,
Khushal,
Khushi,
Khushwant,
Kiaan,
Kian,
Kindam,
Kinshuk,
Kintan,
Kiraat,
Kirankumar,
Kiranmay,
Kirat,
Kiratidev,
Kirav,
Kireet,
Kireeti,
Kirik,
Kirin,
Kirit,
Kiritmani,
Kirtan,
Kirtibhushan,
Kirtikumar,
Kirtin,
Kirtivallabh,
Kishan,
Kishor,
Kishore,
Kishorekumar,
Kittu,
Kittumani,
Kivar,
Kondappan,
Koshin,
Kothandaraman,
Kotijit,
Koundinya,
Koushik,
Koustubh,
Kovida,
Kovidh,
Kraanti,
Kranthi,
Kriday,
Kripa,
Kripal,
Kripanidhi,
Kripasagar,
Krish,
Krisha,
Krishan,
Krishang,
Krishanu,
Krishav,
Krishna Chaitanya,
Krishna Mohan,
Krishnachandra,
Krishnadas,
Krishnadeva,
Krishnakanta,
Krishnakumar,
Krishnala,
Krishnamoorthy,
Krishnamurari,
Krishnamurthy,
Krishnan,
Krishnanunni,
Krishnaprasad,
Krishnaroop,
Krishnaveer,
Krishnendu,
Krissh,
Kritanu,
Krithik,
Kritika,
Kritiman,
Krivi,
Krunal,
Krupal,
Kshantu,
Kshaunish,
Kshemendra,
Kshiraj,
Kshirin,
Kshitidhar,
Kshitij,
Kshrugal,
Kuber,
Kuberchand,
Kularanjan,
Kulbhooshan,
Kulbhushan,
Kuldeep,
Kuldev,
Kulik,
Kullin,
Kullyn,
Kulvir,
Kumar,
Kumaran,
Kumaraswamy,
Kumaresan,
Kumaresh,
Kumudavalli,
Kumudesh,
Kumush,
Kunaal,
Kunal,
Kundan,
Kundanlal,
Kundir,
Kunja,
Kunjabihari,
Kunjumon,
Kunsh,
Kunshi,
Kunwar,
Kusagra,
Kush,
Kushad,
Kushal,
Kushanu,
Kusumakar,
Kusumesh,
Kuval,
Kuvam,
Kuvar,
Kvanh,
Laabh,
Laal,
Laalamani,
Laavanya,
Labaka,
Labh,
Labhsha,
Lachman,
Lagan,
Lahar,
Lahiri,
Lakhan,
Laksh,
Lakshan,
Lakshany,
Lakshanya,
Lakshay,
Lakshin,
Lakshit,
Lakshith,
Lakshiv,
Lakshman,
Lakshmana,
Lakshmanan,
Lakshmi Narayan,
Lakshmi Raman,
Lakshmibalan,
Lakshmibanta,
Lakshmidhar,
Lakshmigopal,
Lakshmikant,
Lakshmikanta,
Lakshmikantha,
Lakshmikanthan,
Lakshminarayan,
Lakshminath,
Lakshmipati,
Lakshmiraman,
Lakshya,
Lal,
Lalam,
Lalan,
Lalchand,
Lalchandra,
Lalit,
Lalitaditya,
Lalitchandra,
Lalitesh,
Lalith,
Lalitkishore,
Lalitkumar,
Lalitlochan,
Lalitmohan,
Lalji,
Lalkrishna,
Laloo,
Lambodar,
Lambodhar,
Laniban,
Lankesh,
Larraj,
Lav,
Lavitra,
Laxman,
Laxminarayana,
Layak,
Lazar,
Leeladhar,
Leelakar,
Leelaram,
Lehan,
Lekh,
Lekhak,
Lekhan,
Lekharaj,
Lekhit,
Lekhon,
Lekhraj,
Lekith,
Lelayamana,
Lepaksh,
Leyshya,
Libeesh,
Libin,
Lijesh,
Liladhar,
Lingaraju,
Lipin,
Lishanth,
Lithesh,
Lithiesh,
Livjot,
Lochanpal,
Loganathan,
Logesh,
Lohajit,
Lohendra,
Lohit,
Lohitaksh,
Lohitaksha,
Lohitashwa,
Lohith,
Lohithaswa,
Lok,
Lokajit,
Lokakriti,
Lokamaya,
Lokanathan,
Lokanetra,
Lokapujya,
Lokasundar,
Lokavya,
Lokbhushan,
Lokender,
Lokendra,
Lokesh,
Lokesha,
Lokeshwar,
Loknaath,
Loknath,
Lokpradeep,
Lokprakash,
Lokranjan,
Lomash,
Lopesh,
Loro,
Lukesh,
Lushano,
Luv,
Luvya,
Maadhakrishnan,
Maadhav,
Maadhavan,
Maagh,
Maahesh,
Maahi,
Maalav,
Maalin,
Maalolan,
Maan,
Maanas,
Maanaveandraa,
Maandhata,
Maanesh,
Maani,
Maanraj,
Maanvir,
Maanyasri,
Maaran,
Maartand,
Maartanda,
Maavalan,
Maaya,
Machavaram,
Madan,
Madanapal,
Madangopal,
Madanmohan,
Maderu,
Madesh,
Madhan,
Madhav,
Madhava,
Madhavan,
Madhavdas,
Madhuban,
Madhuchanda,
Madhuk,
Madhukant,
Madhukanta,
Madhukar,
Madhumay,
Madhup,
Madhur,
Madhusoodan,
Madhusudan,
Madhusudhan,
Madhusudhana,
Madhusudhanan,
Madin,
Madur,
Magadh,
Magan,
Magesh,
Mahaadev,
Mahaaveer,
Mahabahu,
Mahabala,
Mahadev,
Mahadevan,
Mahaj,
Mahakaya,
Mahaketu,
Mahakram,
Mahamani,
Mahamati,
Mahanidhi,
Mahaniya,
Mahant,
Mahanth,
Mahapadmananda,
Mahapurush,
Maharanth,
Maharath,
Maharshi,
Maharth,
Mahasvin,
Mahatru,
Mahavir,
Mahe,
Maheepati,
Mahender,
Mahendra,
Mahendran,
Mahesh,
Maheshwar,
Maheswar,
Maheswaran,
Mahi,
Mahijith,
Mahin,
Mahindra,
Mahip,
Mahipal,
Mahipati,
Mahish,
Mahishmat,
Mahit,
Mahith,
Mahnav,
Mailabh,
Mainaaka,
Mainak,
Mainank,
Mairava,
Maitreya,
Maji,
Majoo,
Mak,
Makarand,
Makhan,
Makhesh,
Makrand,
Makul,
Makur,
Malaiswamy,
Malank,
Malateesh,
Malay,
Malaya,
Malhar,
Malhari,
Mallesh,
Mallikarjun,
Mallikarjuna,
Mallinga,
Mamoolan,
Mamraj,
Manajit,
Manajith,
Manak,
Manalp,
Manan,
Manank,
Manas,
Manaser,
Manash,
Manashyu,
Manasvin,
Manasyu,
Manav,
Manava,
Manavazagan,
Manavendra,
Manavotham,
Mandaar,
Mandakranta,
Mandan,
Mandar,
Mandeep,
Mandhata,
Mandhatri,
Mandin,
Mandir,
Mandith,
Maneendra,
Maneesh,
Maneet,
Manek,
Manendra,
Manesh,
Mangal,
Mangalesh,
Mangesh,
Manhar,
Mani,
Manibhushan,
Manickam,
Manickaraj,
Manideep,
Manidhar,
Manigandan,
Manik,
Manikaant,
Manikandan,
Manikant,
Manikanta,
Manikantan,
Manikumar,
Manikya,
Manilal,
Manimaran,
Manindra,
Maninth,
Maniram,
Manish,
Manishankar,
Manit,
Manith,
Manivannan,
Manivel,
Maniyan,
Manjeet,
Manjughosh,
Manjul,
Manjunatha,
Manjunathan,
Manjyot,
Manmatha,
Manmeet,
Manmohan,
Mannan,
Mannath,
Mannith,
Manohar,
Manohara,
Manoharan,
Manoj,
Manojavaya,
Manojkumar,
Manomay,
Manonith,
Manoranjan,
Manorath,
Manosh,
Manoth,
Manprasad,
Mansukh,
Manth,
Manthan,
Mantram,
Manu,
Manuj,
Manulal,
Manuraj,
Manvendra,
Manvir,
Manwant,
Manyu,
Maraal,
Mardav,
Mareechi,
Mariappan,
Marichi,
Marimuthu,
Mariselvam,
Mariswaran,
Markanday,
Markandeya,
Marshal,
Martand,
Martanda,
Marudeva,
Marut,
Maruthi,
Maruti,
Matanga,
Matheysh,
Matsendra,
Matsyendra,
Maulik,
Mayan,
Mayank,
Mayanka,
Mayon,
Mayoor,
Mayukh,
Mayur,
Medh,
Medhansh,
Meenakshi,
Meer,
Meet,
Megh,
Megh-naad,
Meghaj,
Meghashyam,
Meghdutt,
Meghnad,
Meghnath,
Meghraj,
Mehaan,
Mehal,
Mehtab,
Meru,
Midhun,
Mihir,
Mihirkiran,
Mikesh,
Mikul,
Milan,
Miland,
Milap,
Milind,
Milit,
Minal,
Minesh,
Minto,
Misal,
Misri,
Mitaksh,
Mitali,
Mitansh,
Miten,
Mitesh,
Mithil,
Mithila,
Mithilesh,
Mithin,
Mithran,
Mithun,
Mitra,
Mitrajit,
Mitul,
Modak,
Modal,
Moh,
Mohajit,
Mohak,
Mohal,
Mohan,
Mohanan,
Mohandas,
Mohanlal,
Mohanraj,
Mohin,
Mohit,
Mohith,
Mohitha,
Mohnish,
Mohul,
Moksh,
Moksha,
Monish,
Monu,
Moorthi,
Moorthy,
Moorti,
Moti,
Motilal,
Moulik,
Mridul,
Mrigaa,
Mrigaj,
Mrigalochan,
Mrigank,
Mriganka,
Mrigankamouli,
Mrigankasekhar,
Mrigasya,
Mrigendra,
Mrigesh,
Mrinaal,
Mrinal,
Mrinank,
Mrinendra,
Mritunjay,
Mrityunjay,
Mrudun,
Mrugha,
Mruthyunjeyan,
Mudgal,
Mudil,
Mudit,
Mukesh,
Muktananda,
Mukul,
Mukund,
Mukunda,
Mukundan,
Mukut,
Mulkraj,
Muneendra,
Muneeswaran,
Muni,
Munish,
Muraaree,
Murad,
Muralee,
Muraleedharan,
Murali,
Muralidhar,
Muralidharan,
Muralikrishna,
Muralimanohar,
Murari,
Murarilal,
Murgesh,
Murli,
Murthy,
Murugan,
Muruganandam,
Muruganantham,
Murugesan,
Mustapha,
Muthukrishnan,
Muthukumaran,
Muthusamy,
Naabhi,
Naag,
Naag-raaj,
Naagarjun,
Naagdhar,
Naagendra,
Naagesh,
Naagpal,
Naagpati,
Naagraj,
Naakesh,
Naamahar,
Naamanand,
Naamdev,
Naamgeet,
Naanak,
Naaraayan,
Naarad,
Nabendu,
Nabhanyu,
Nabhendu,
Nabhi,
Nabhij,
Nabhith,
Nabhoj,
Nabhomani,
Nabhya,
Nachik,
Nachiket,
Nachiketa,
Nadeen,
Nadeesh,
Nadish,
Naga,
Nagamani,
Nagaraj,
Nagaraja,
Nagarajan,
Nagaraju,
Nagarin,
Nagarjun,
Nagarjuna,
Nagdhar,
Nagendra,
Nagendran,
Nagesh,
Nagesha,
Nageshwaran,
Nageswara,
Naggar,
Nagpal,
Nagraj,
Nahush,
Nahusha,
Naimish,
Nain,
Nairit,
Naishadh,
Nakhraj,
Naksatraraja,
Nakshatra,
Nakul,
Nal,
Nalesh,
Nalin,
Nalinaksh,
Nalinaksha,
Nalinikant,
Nallamothu,
Naman,
Namasyu,
Nambi,
Namdev,
Namish,
Namit,
Nanak,
Nand,
Nand Nandan,
Nand-kishore,
Nand-nandan,
Nandadulal,
Nandagopal,
Nandak,
Nandakishor,
Nandakishore,
Nandakumar,
Nandalal,
Nandan,
Nandapal,
Nandess,
Nandhu,
Nandi,
Nandighosh,
Nandil,
Nandin,
Nandish,
Nandisha,
Nandlaal,
Nani,
Nanjayyan,
Nannan,
Nanthagopal,
Naotau,
Narad,
Narahari,
Narashima,
Narasimha,
Narayan,
Narayana,
Narayanan,
Naren,
Narendar,
Narender,
Narendra,
Narendran,
Narendranath,
Naresh,
Naresha,
Narhari,
Narinder,
Narmad,
Narottam,
Narpreet,
Narsi,
Narsimha,
Nartan,
Nartana,
Narun,
Naruna,
Narvinder,
Natarajan,
Natesh,
Nateshwar,
Natraj,
Natwar,
Naubahar,
Nauhar,
Nauka,
Nav,
Navaj,
Navakanth,
Naval,
Navalan,
Navaneet,
Navaneeth,
Navashen,
Naveen,
Naveen,
Navendu,
Navin,
Navinchandra,
Navnath,
Navnit,
Navrang,
Navratan,
Navrathan,
Navroz,
Navtej,
Nawalkishor,
Nayakan,
Nayan,
Nayath,
Neehar,
Neel,
Neelabh,
Neeladri,
Neelamani,
Neelambar,
Neelambuj,
Neelanchal,
Neelanjan,
Neelesh,
Neelgreev,
Neelkamal,
Neelkanta,
Neelkanth,
Neelmadhav,
Neelotpal,
Neena,
Neerad,
Neeradh,
Neeraj,
Neerav,
Neesh,
Neev,
Nehanth,
Neil,
Nelesha,
Nepolian,
Nevaan,
Nibin,
Nibodh,
Nidesh,
Nidheesh,
Nidhin,
Nidhish,
Nigam,
Nihaar,
Nihal,
Nihanth,
Nihar,
Nijin,
Nikash,
Nikesh,
Niket,
Niketan,
Nikhat,
Nikhil,
Nikhilesh,
Nikita,
Nikshay,
Nikul,
Nikunj,
Nikunja,
Nilay,
Nilesh,
Nilkanth,
Nimai,
Nimesh,
Nimish,
Nimit,
Ninad,
Nipun,
Nir,
Niraamay,
Nirad,
Niraj,
Nirajit,
Niramay,
Niramitra,
Niranjan,
Nirankar,
Nirav,
Nirbhay,
Nirbhik,
Nirdhar,
Nirek,
Nirijhar,
Nirish,
Nirmal,
Nirmalya,
Nirmanyu,
Nirmay,
Nirmit,
Nirmohi,
Nirupam,
Nirvan,
Nisarg,
Nischal,
Nischith,
Nish,
Nishad,
Nishakant,
Nishakar,
Nishanath,
Nishant,
Nishanth,
Nishar,
Nishat,
Nishchal,
Nishesh,
Nishikaant,
Nishikant,
Nishikanta,
Nishikar,
Nishil,
Nishinath,
Nishipal,
Nishipati,
Nishit,
Nishith,
Nishkama,
Nishkarsh,
Nishok,
Nissim,
Nisyaanthan,
Niteesh,
Nitesh,
Nitheesh,
Nithesh,
Nithik,
Nithin,
Nithish,
Nitin,
Nitish,
Nitya-sundara,
Nityagopal,
Nityanand,
Nityananda,
Nityanta,
Nived,
Nivrutti,
Niyath,
Novin,
Nridev,
Nrip,
Nripa,
Nripendra,
Nripesh,
Nrupadh,
Oaghavanth,
Obalesh,
Obaleshwar,
Obuli,
Oha,
Ohas,
Ohm,
Ojas,
Ojayit,
Ojes,
Om,
Om Prakash,
Oma,
Omal,
Omanand,
Omarjeet,
Omdutt,
Omesa,
Omesh,
Omeshwar,
Omi,
Omja,
Omkar,
Omkaramurthy,
Omkaresh,
Omkareshwar,
Omkarnath,
Omkesh,
Omkrish,
Omparkash,
Ompati,
Omprakash,
Omprasad,
Omrao,
Omsai,
Omswaroop,
Omveer,
Oni,
Onkar,
Onkara,
Oojam,
Oorjit,
Oorjith,
Orion,
Ottakoothan,
Oviyan,
Paandu,
Paandurang,
Paaninee,
Paaras,
Paarbrahm,
Paarth,
Paarthiv,
Paarvendan,
Paavak,
Paavan,
Pachak,
Packiaraj,
Padam,
Padamjit,
Padampal,
Padamprem,
Padmabandhu,
Padmadhar,
Padmahasta,
Padmaj,
Padmakant,
Padmakar,
Padmal,
Padmalochan,
Padman,
Padmanaban,
Padmanabh,
Padmanabha,
Padmanabhan,
Padmapani,
Padmapati,
Padmayani,
Padmesh,
Padminish,
Pahal,
Pakhi,
Paksha,
Pakshi,
Palak,
Palani,
Palanisamy,
Palash,
Palashkusum,
Palashranjan,
Palin,
Pallab,
Pallav,
Panav,
Panchaanan,
Panchajana,
Panchal,
Panchavaktra,
Pandhari,
Pandian,
Pandita,
Pandiyan,
Pandu,
Panduranga,
Pandya,
Pankaj,
Pankajalochana,
Pankajan,
Pankajeet,
Pann-gesh,
Panna,
Pannalal,
Panneerselvam,
Panshul,
Paraag,
Paraashar,
Parag,
Parakram,
Param,
Param-hans,
Paramananda,
Paramartha,
Paramasivam,
Paramesh,
Parameshwar,
Parameswaran,
Paramhansa,
Paramjeet,
Paramjit,
Paran,
Paranjay,
Parantapa,
Paras,
Parashar,
Parashuraam,
Parashuram,
Parasmani,
Parasme,
Paratpara,
Paravasu,
Parees,
Paresh,
Paresha,
Parighosh,
Parijat,
Pariket,
Parikshit,
Parimal,
Parindra,
Parineet,
Parishrut,
Parishudh,
Parithosh,
Paritosh,
Parkash,
Parmaad,
Parmaarth,
Parmanand,
Parmarth,
Parmeet,
Parmesh,
Parmeshwar,
Parminderpal,
Parnabha,
Parnad,
Parnal,
Parnik,
Parsad,
Parshad,
Parshv,
Parshva,
Parth,
Partha,
Partha or Parth,
Parthapratim,
Parthasarathi,
Parthasarathy,
Parthathy,
Parthiban,
Parthik,
Parthipan,
Parthiv,
Partho,
Partik,
Partish,
Parvat,
Parvateshwar,
Parvatinandan,
Parvatipreet,
Parvesh,
Parwinder,
Pasha,
Pashunath,
Pashupati,
Patag,
Patakin,
Patanjali,
Pathik,
Pathin,
Patoj,
Patr,
Patralika,
Paulraj,
Paurav,
Pavak,
Pavalan,
Pavan,
Pavanaj,
Pavankumar,
Pavanputra,
Pavansut,
Pavithran,
Pavitra,
Pawan,
Payas,
Payod,
Peetambar,
Peeyush,
Pehlaj,
Periyasamy,
Periyaswamy,
Perumal,
Phalak,
Phalgun,
Phani,
Phanibhusan,
Phaninath,
Phanindra,
Phanindranath,
Phanishwar,
Phenil,
Phoolendu,
Piki,
Pinak,
Pinaki,
Pinakin,
Pingal,
Pinku,
Pintu,
Pious,
Pitambar,
Piyali,
Piyus,
Piyush,
Ponmurugan,
Ponnusamy,
Ponraj,
Poojit,
Poonish,
Pooran,
Poornachandra,
Poornanand,
Poorv,
Poorvaj,
Pourush,
Prabagaran,
Prabaharan,
Prabakaran,
Prabal,
Prabhakar,
Prabhakaran,
Prabhanjan,
Prabhas,
Prabhat,
Prabhav,
Prabhave,
Prabhu,
Prabin,
Prabir,
Prabodh,
Prabodhan,
Prabu,
Prabuddha,
Prachet,
Pracheta,
Prachetas,
Prachur,
Pradarsh,
Pradeep,
Pradeepkumar,
Pradeesh,
Pradhi,
Pradip,
Pradnesh,
Pradosh,
Pradyot,
Pradyumna,
Pradyun,
Praful,
Prafulla,
Pragnya,
Pragun,
Prahalad,
Prahallad,
Prahlad,
Prajapati,
Prajeet,
Prajesh,
Prajin,
Prajit,
Prajith,
Prajval,
Prajvala,
Prajwal,
Prakasam,
Prakash,
Prakat,
Praket,
Prakhar,
Prakrit,
Prakul,
Pralay,
Pramath,
Pramesh,
Pramit,
Pramod,
Pramodan,
Pramsu,
Pramukh,
Pran,
Prana,
Pranab,
Pranad,
Pranav,
Pranava,
Pranay,
Praneel,
Praneet,
Praneeth,
Pranesh,
Pranet,
Praney,
Pranit,
Pranith,
Praniti,
Pranjal,
Pranjivan,
Prannath,
Pranshu,
Pransu,
Pransukh,
Prasad,
Prasanna,
Prasanth,
Prasata,
Prasath,
Prasenjit,
Prasham,
Prashansa,
Prashant,
Prashanta,
Prashanth,
Prashray,
Prasiddhi,
Prasobh,
Prasoon,
Prasun,
Pratap,
Prateek,
Prateep,
Prateet,
Pratham,
Prathamesh,
Prathap,
Pratheep,
Pratheesh,
Prathmesh,
Prathyush,
Pratik,
Pratiti,
Pratosh,
Pratul,
Pratyush,
Praval,
Pravan,
Pravar,
Praveen,
Praveenkumar,
Praveenraj,
Praveer,
Praver,
Pravin,
Pravir,
Pravit,
Prayaag,
Prayag,
Preetam,
Preetham,
Preetidutt,
Preetish,
Preetiwardhan,
Prem,
Premal,
Premanand,
Premchand,
Premendra,
Premjith,
Premkumar,
Premlal,
Premraj,
Prerit,
Pretvan,
Pribhakta,
Prina,
Prineet,
Prinita,
Pritam,
Pritesh,
Prithish,
Prithiviraj,
Prithu,
Prithvee,
Prithvi,
Prithvijaj,
Prithviraj,
Pritish,
Privrata,
Priyaank,
Priyabrata,
Priyadarshan,
Priyadarshi,
Priyaka,
Priyan,
Priyank,
Priyanshu,
Priyanvad,
Priyaranjan,
Priyesh,
Prudvi,
Pruthivi,
Pruthviraj,
Pujan,
Pukhraj,
Pulak,
Pulakesh,
Pulastya,
Pulin,
Pulkit,
Pundalik,
Pundarik,
Puneet,
Puneeth,
Punit,
Punith,
Purahan,
Purajit,
Puran,
Purandar,
Puranjay,
Purav,
Purnanada,
Purnendu,
Purohit,
Puru,
Purujit,
Purumitra,
Pururava,
Purushotham,
Purushothaman,
Purushottam,
Pusan,
Pushkal,
Pushkar,
Pushp,
Pushp-mitra,
Pushpad,
Pushpaj,
Pushpak,
Pushpakar,
Pushpaketu,
Pushpesh,
Puskara,
Pyarelal,
Pyaremohan,
Raahi,
Raajaa,
Raajeev,
Raajeevalochan,
Raajyashree,
Raakaa,
Raakesh,
Raam,
Raam-datt,
Raamaanuj,
Raayan,
Raaz,
Rabin,
Rachit,
Rachvik,
Radhak,
Radhakanta,
Radhakrishna,
Radhakrishnan,
Radhatanaya,
Radhavallabh,
Radhesh,
Radheshyam,
Radhey,
Radheya,
Ragavan,
Raghav,
Raghava,
Raghavan,
Raghavendra,
Raghavendran,
Raghbir,
Raghotham,
Raghu,
Raghukumara,
Raghunandan,
Raghunath,
Raghupati,
Raghuram,
Raghuveer,
Raghuvir,
Ragin,
Ragul,
Ragupathi,
Rahas,
Rahul,
Raivata,
Raivath,
Raj,
Raja,
Rajagopal,
Rajagopalan,
Rajak,
Rajan,
Rajaneesh,
Rajanikant,
Rajanikanta,
Rajanikanth,
Rajanya,
Rajaram,
Rajarshi,
Rajas,
Rajasekar,
Rajasekaran,
Rajasekhar,
Rajashekar,
Rajashekhar,
Rajat,
Rajata,
Rajatanabhi,
Rajatshubhra,
Rajbharath,
Rajdeep,
Rajeesh,
Rajeev,
Rajeevalochana,
Rajender,
Rajendra,
Rajendra Prasad,
Rajendrakumar,
Rajendramohan,
Rajendran,
Rajesh,
Rajeshwar,
Rajhans,
Rajinikanth,
Rajinipati,
Rajit,
Rajiv,
Rajkiran,
Rajkumar,
Rajmohan,
Rajnish,
Rajrishi,
Rajsekhar,
Rajshekar,
Raju,
Rajul,
Rajvardhan,
Rajveer,
Rajyeshwar,
Rakesh,
Rakeshkumar,
Rakshan,
Rakshit,
Rakshith,
Raktakamal,
Ram,
Ram Prasad,
Rama,
Ramachandra,
Ramachandran,
Ramacharan,
Ramadeep,
Ramadhuta,
Ramadut,
Ramaiah,
Ramakaant,
Ramakanta,
Ramakanth,
Ramakrishna,
Ramakrishnan,
Ramalingam,
Ramamurthy,
Raman,
Ramanand,
Ramanathan,
Ramanjaneyulu,
Ramanjit,
Ramanuj,
Ramanuja,
Ramasamy,
Ramashray,
Ramavatar,
Ramchandra,
Ramdas,
Ramesh,
Rameshwar,
Ramgopal,
Ramkishore,
Ramkrishna,
Ramkumar,
Rammohan,
Ramnath,
Ramoji,
Ramprasad,
Rampratap,
Ramra,
Ramratan,
Ramswaroop,
Ramu,
Ranadeva,
Ranajay,
Ranajit,
Ranak,
Ranbir,
Randeep,
Randhir,
Ranesh,
Rangana,
Ranganath,
Rangith,
Ranjan,
Ranjay,
Ranjeet,
Ranjit,
Ranjith,
Ranjiv,
Rantidev,
Ranuga,
Ranveer,
Ranvir,
Rasaraj,
Rasbihari,
Rasesh,
Rashmi,
Rashmil,
Rasik,
Rasmaru,
Rasna,
Rasul,
Ratan,
Ratannabha,
Rathan,
Ratheesh,
Rathik,
Rathin,
Rathish,
Rathnam,
Ratin,
Ratish,
Ratnabhu,
Ratnadeep,
Ratnakar,
Ratnanidhi,
Ratnesh,
Ratul,
Ravalnath,
Raveendra,
Raveendranath,
Raven,
Ravi,
Ravi Kiran,
Ravi Teja,
Ravichandran,
Ravikanth,
Ravikeerti,
Ravikiran,
Ravikumar,
Ravinandan,
Ravindar,
Ravinder,
Ravindra,
Ravindran,
Ravindranath,
Ravinshu,
Ravish,
Ravishankar,
Ravisharan,
Ravishu,
Ravit,
Ravy,
Ray,
Rayan,
Rayirth,
Rebanta,
Rejeesh,
Renaud,
Renesh,
Renit,
Renjith,
Renju,
Revanth,
Reyaansh,
Reyansh,
Riaan,
Ribin,
Riddhiman,
Riddhish,
Ridit,
Rigved,
Rijesh,
Rijin,
Riju,
Rijul,
Rijwal,
Rikhil,
Rikin,
Rineshan,
Ripu,
Ripudaman,
Rishab,
Rishabh,
Rishav,
Rishi,
Rishika,
Rishikesh,
Rishit,
Rishitesh,
Rishvanjas,
Ritesh,
Rithik,
Rithwik,
Riti,
Ritik,
Rituraaj,
Rituraj,
Ritvik,
Rivan,
Robins,
Rochak,
Rochan,
Rocky,
Rohak,
Rohan,
Rohanlal,
Rohiniraman,
Rohinish,
Rohit,
Rohitasva,
Rohith,
Rohtak,
Romesh,
Romila,
Romir,
Ronak,
Ronav,
Ronit,
Ronith,
Ronsher,
Rony,
Roopak,
Roopesh,
Rosan,
Roshan,
Ruchir,
Rudr,
Rudra,
Rudrapriya,
Rudresh,
Ruhan,
Rujul,
Rukm,
Rukminesh,
Rupak,
Rupan,
Rupang,
Rupendra,
Rupesh,
Rupeshwar,
Rupin,
Rups,
Rushabh,
Rusham,
Rushang,
Rusheek,
Rushi,
Rushil,
Rushyashringav,
Rustam,
Rutajit,
Rutesh,
Ruthvik,
Rutujit,
Rutva,
Rutvij,
Rwiju,
Ryan,
Saagar,
Saajan,
Saakaar,
Saaketh,
Saanjh,
Saaras,
Saatatya,
Saatvik,
Sabal,
Sabari,
Sabarinathan,
Sabarish,
Sabhya,
Sabith,
Sabrang,
Sabu,
Sacchidananda,
Sachchit,
Sachet,
Sachetan,
Sachh,
Sachin,
Sachish,
Sachit,
Sachiv,
Sadabindu,
Sadanand,
Sadananda,
Sadar,
Sadashiv,
Sadashiva,
Sadasivam,
Sadavir,
Sadeepan,
Sadgun,
Sadhan,
Sadhil,
Sadiva,
Sadru,
Safal,
Saffar,
Sagan,
Sagar,
Sagardutt,
Sagun,
Saguna,
Sahaj,
Sahara,
Saharsh,
Sahas,
Sahasrad,
Sahastrabahu,
Sahastrajit,
Sahasya,
Sahat,
Sahay,
Sahaya,
Sahdev,
Sahen,
Sahib,
Sahishnu,
Sahit,
Sai,
Sai Charan,
Sai Kiran,
Sai Prasad,
Sai Priya,
Sai Satpurusha,
Sai Teja,
Saiamartya,
Saicharan,
Saideep,
Saija,
Saijeevadhara,
Saikalakala,
SaiKalateeta,
Saikiran,
Saikrishna,
Sainath,
Saipraasad,
Saiprasad,
Saipratap,
Sairam,
Saja,
Sajaad,
Sajad,
Sajal,
Sajan,
Sajeesh,
Sajeev,
Saji,
Sajin,
Sajith,
Sajiv,
Sajiva,
Sajjan,
Saju,
Sakaleshwar,
Sakash,
Saket,
Saketh,
Saketharaman,
Sakha,
Sakhan,
Saksham,
Sakshum,
Sakthi,
Sakthivel,
Salaj,
Salarjung,
Salil,
Salokh,
Samabashiv,
Samah,
Samaj,
Samajas,
Samanyu,
Samarendra,
Samarendu,
Samarjit,
Samarpan,
Samarth,
Samavart,
Samay,
Sambaran,
Sambha,
Sambhav,
Sambhddha,
Sambit,
Sambodh,
Sambuddha,
Samdarshi,
Sameep,
Samendra,
Samendu,
Samesh,
Samgram,
Samhita,
Samik,
Samin,
Samiran,
Samit,
Samividhan,
Samlain,
Sammad,
Sammath,
Sampada,
Sampat,
Sampath,
Sampoorn,
Samranpal,
Samrat,
Samrudh,
Samskar,
Samskara,
Samudra,
Samudragupta,
Samudrasen,
Samvar,
Samvath,
Samyak,
Sanaatan,
Sanabhi,
Sanal,
Sanat,
Sanatan,
Sanatana,
Sanath,
Sanchay,
Sanchit,
Sancho,
Sandeep,
Sandeepan,
Sandeepen,
Sandesh,
Sandip,
Sandipani,
Sandy,
Saneesh,
Sangamesh,
Sangeeth,
Sangupt,
Sanhata,
Sanidhya,
Sanil,
Sanish,
Sanjai,
Sanjay,
Sanjaya,
Sanjeet,
Sanjeev,
Sanjef,
Sanjit,
Sanjith,
Sanjiv,
Sanjivan,
Sanjog,
Sanju,
Sankalp,
Sankalpa,
Sankar,
Sankara,
Sankaranarayanan,
Sankarshan,
Sanket,
Sankul,
Sann,
Sannath,
Sannidhi,
Sannigdh,
Sanobar,
Sanoop,
Sanshray,
Sansith,
Sanskar,
Santan,
Santhanam,
Santhosh,
Santosh,
Sanu,
Sanurag,
Sanvit,
Sanwariya,
Sanyog,
Sapan,
Saprathas,
Saptajit,
Saptanshu,
Saptarishi,
Saquib,
Saral,
Saran,
Sarana,
Sarang,
Saranraj,
Saransh,
Saras,
Sarasi,
Sarasija,
Sarasvat,
Sarat,
Sarath,
Sarath Chandran,
Saravana,
Saravanan,
Sarayu,
Sarbajit,
Sarbani,
Sargam,
Sarin,
Sarish,
Sarit,
Sarngin,
Saroj,
Sarojin,
Sarojkant,
Sartaj,
Sarthak,
Sarup,
Sarva,
Sarvad,
Sarvadaman,
Sarvadev,
Sarvadharin,
Sarvag,
Sarvagny,
Sarvak,
Sarvambh,
Sarvang,
Sarvapalaka,
Sarvashay,
Sarvavas,
Sarvendra,
Sarvesh,
Sarveshvara,
Sarvotham,
Sarwar,
Sashang,
Sashank,
Sashanth,
Sashreek,
Sashwat,
Sasi,
Sasidhar,
Sasidharan,
Sasmit,
Sasta,
Satadev,
Satamanyu,
Satanand,
Satayu,
Sateendra,
Sateesh,
Satesh,
Sathea,
Satheesan,
Satheesh,
Sathi,
Sathindar,
Sathish,
Sathishkumar,
Sathiyaraj,
Sathwik,
Sathyanarayana,
Satin,
Satinath,
Satindra,
Satish,
Satishchandra,
Satkartar,
Satpal,
Satpati,
Satrajit,
Satrijit,
Satruijt,
Satvamohan,
Satvat,
Satveer,
Satvik,
Satvinder,
Satwik,
Satya,
Satya Pramod,
Satyadarshi,
Satyadev,
Satyajit,
Satyak,
Satyakaam,
Satyakam,
Satyaki,
Satyam,
Satyamurty,
Satyanarayan,
Satyanarayana,
Satyankar,
Satyaprakash,
Satyapriya,
Satyasheel,
Satyashrawaa,
Satyavaan,
Satyavache,
Satyavan,
Satyavrat,
Satyen,
Satyendra,
Saubal,
Saubhadra,
Saudeep,
Saumit,
Saumitr,
Saumitra,
Saumya,
Saunak,
Saurabh,
Saurav,
Saurjyesh,
Sava,
Savan,
Savanth,
Savar,
Savir,
Savit,
Savitashri,
Savitendra,
Savith,
Savithri,
Savya,
Savya-saachee,
Sawan,
Sayam,
Sayana,
Seelan,
Seemanta,
Seetharam,
Sekar,
Sekhar,
Selva,
Selvam,
Selvamani,
Selvaraj,
Sena,
Senajit,
Senthil,
Seshadri,
Sethu,
Sethupathi,
Setu,
Seva,
Sevak,
Shaan,
Shaandilya,
Shaant,
Shaarav,
Shaardul,
Shaashwat,
Shaayal,
Shaaz,
Shadab,
Shael,
Shafi,
Shagun,
Shahil,
Shahnawaz,
Shahraan,
Shail,
Shaildhar,
Shailendra,
Shailesh,
Shakti,
Shaktidhar,
Shakuni,
Shakunt,
Shakyasinha,
Shalang,
Shaligram,
Shalmali,
Shalya,
Sham,
Shamak,
Shamakarn,
Shambhavi,
Shambhu,
Shameek,
Shami,
Shamik,
Shamindra,
Shamit,
Shamita,
Shams,
Shanay,
Shandar,
Shankar,
Shankarshan,
Shankdhar,
Shanker,
Shankh,
Shankhapani,
Shankhi,
Shankhin,
Shankir,
Shanmugam,
Shanmugasundaram,
Shanmukha,
Shansa,
Shantan,
Shantanav,
Shantanu,
Shantashil,
Shantidev,
Shantimay,
Shantinath,
Shantiprakash,
Shanyu,
Sharaad,
Sharad,
Sharadchandra,
Sharadendu,
Sharan,
Sharang,
Sharat,
Sharath,
Shari,
Sharu,
Sharvarish,
Shashank,
Shashanka,
Shashee,
Shashi,
Shashibhushan,
Shashidhar,
Shashikant,
Shashikar,
Shashikiran,
Shashimohan,
Shashin,
Shashipushpa,
Shashish,
Shashishekhar,
Shashvata,
Shashwat,
Shat-manyu,
Shat-padm,
Shataaneek,
Shataayu,
Shatadru,
Shatarupa,
Shatjit,
Shatrughan,
Shatrughna,
Shatrujit,
Shatrunjay,
Shattesh,
Shauchin,
Shauna,
Shaunak,
Shaurav,
Shauri,
Shaurya,
Shay,
Shayaan,
Shayel,
Shaylan,
Sheehan,
Sheil,
Shekar,
Shekhar,
Shesanand,
Shesh,
Sheshdhar,
Shevantilal,
Shiamak,
Shibhya,
Shibin,
Shibu,
Shighra,
Shijil,
Shiju,
Shikhandin,
Shikhar,
Shilang,
Shilish,
Shine,
Shineyu,
Shinjan,
Shinoj,
Shinoy,
Shipirist,
Shipivishta,
Shirdi Prasad,
Shirish,
Shirom,
Shiromani,
Shishir,
Shishirchandra,
Shishirkana,
Shishirkumar,
Shishul,
Shishupal,
Shitikanth,
Shitiz,
Shiv,
Shiva Ganesh,
Shivadev,
Shivaji,
Shivam,
Shivamurthi,
Shivanand,
Shivanath,
Shivank,
Shivankh,
Shivansh,
Shivaprasad,
Shivas,
Shivasunu,
Shivaya,
Shiven,
Shivendra,
Shivendu,
Shivesh,
Shiveshvar,
Shivkumar,
Shivlal,
Shivraj,
Shivram,
Shivshankar,
Shivshekhar,
Shlesh,
Shlok,
Shoban,
Shobhan,
Shobhit,
Sholk,
Shoor,
Shoora,
Shoorsen,
Shorya,
Shoubhit,
Shourya,
Shraunak,
Shravan,
Shravana,
Shravankumar,
Shravin,
Shray,
Shree,
Shreedhar,
Shreeharsh,
Shreekant,
Shreekrishna,
Shreekumar,
Shreeman,
Shreepriya,
Shreepushp,
Shreerang,
Shreesh,
Shreevallabh,
Shrenik,
Shreshta,
Shresth,
Shresthi,
Shrey,
Shreyank,
Shreyans,
Shreyansh,
Shreyas,
Shreyash,
Shrida,
Shridhar,
Shrigopal,
Shrihan,
Shrihari,
Shrikant,
Shrikanta,
Shrikanth,
Shrikar,
Shrikeshav,
Shrikrishna,
Shrikumar,
Shrimat,
Shrimate,
Shrimohan,
Shrinand,
Shrinath,
Shringesh,
Shriniketan,
Shrinivas,
Shripad,
Shripadma,
Shripal,
Shripati,
Shriram,
Shrirang,
Shriranga,
Shrisha,
Shrivarah,
Shrivardhan,
Shrivas,
Shrivatsa,
Shrivatsav,
Shriyadita,
Shriyan,
Shriyans,
Shrot,
Shrutakeerti,
Shrutik,
Shubendra,
Shubh,
Shubhaksh,
Shubham,
Shubhan,
Shubhang,
Shubhankar,
Shubhashis,
Shubhasunad,
Shubhay,
Shubhendu,
Shubhojit,
Shubhranshu,
Shubhratho,
Shuddhashil,
Shuk,
Shukla,
Shukra,
Shuktij,
Shulabh,
Shulandhar,
Shulin,
Shuna,
Shushil,
Shvant,
Shvetambar,
Shvetang,
Shvetank,
Shvetanshu,
Shvetavah,
Shwas,
Shwetambar,
Shwetbhanu,
Shyam,
Shyamak,
Shyamal,
Shyamantak,
Shyamkumar,
Shyamsunder,
Shyju,
Siamak,
Sibin,
Sidak,
Siddak,
Siddarth,
Siddartha,
Siddha,
Siddhadev,
Siddhanath,
Siddhant,
Siddhanta,
Siddhanth,
Siddharth,
Siddhartha,
Siddhesh,
Siddheshwar,
Siddhi,
Siddhraj,
Siddid,
Sidharth,
Siju,
Sikandar,
Silambarasan,
Simbu,
Simhachalam,
Simrit,
Sindhu,
Sindhunath,
Sinha,
Sinhag,
Sinhvahan,
Sinoj,
Siril,
Sisir,
Sitakanta,
Sitanshu,
Sitaram,
Sitikantha,
Siva,
Siva Prasad,
Siva Rama Krishna,
Sivakrishna,
Sivalingam,
Sivankutty,
Sivanta,
Sivaperumal,
Sivaprasad,
Sivaraj,
Sivaramakrishna,
Sivaramakrishnan,
Sivaraman,
Sivasankar,
Sivashankar,
Sivateja,
Skand,
Skandajit,
Skithika,
Smarajit,
Smaran,
Smeet,
Smiren,
Smrita,
Smritiman,
Sneagen,
Snehakant,
Snehal,
Snehanshn,
Snehil,
Snehin,
Snigdhavarna,
Snithik,
Sohan,
Sojan,
Sokanathan,
Soleil,
Som,
Somadev,
Somali,
Soman,
Somanath,
Somansh,
Somanshu,
Somashekar,
Somashekhar,
Somasindhu,
Somendra,
Somesh,
Someshwar,
Somkar,
Somnath,
Somprakash,
Somveer,
Sonit,
Sooraj,
Sopaan,
Sou,
Soumava,
Soumendra,
Soumil,
Soundar,
Sourabh,
Sourav,
Sourish,
Sourja,
Souvik,
Sparsh,
Sravan,
Sreedhar,
Sreehari,
Sreejith,
Sreekanth,
Sreenand,
Sreenath,
Sreenivas,
Sreenivasan,
Sreenivasulu,
Sreeraj,
Sreeram,
Sreevalsan,
Sreevedh,
Sri Krishna Deva Rayalu,
Sriashwin,
Sridatta,
Sridhar,
Sridharan,
Srihith,
Srijan,
Srijesh,
Srikant,
Srikanth,
Srikar,
Srinath,
Srinesh,
Srini,
Srinikesh,
Srinish,
Srinivas,
Srinivasa,
Srinivasan,
Srinivasu,
Srinu,
Sriraj,
Sriram,
Srisailam,
Srivant,
Srivar,
Srivatsan,
Srivatsav,
Srujan,
Ssukumar,
Stavya,
Sthavir,
Sthir,
Stotri,
Sual,
Subaahu,
Subal,
Subali,
Subandhu,
Subash,
Subbarao,
Subbu,
Subeer,
Subeesh,
Subhadr,
Subhag,
Subham,
Subhan,
Subhang,
Subhas,
Subhash,
Subhendu,
Subhradip,
Subin,
Subinay,
Subodh,
Subrahmanya,
Subrahmanyam,
Subramani,
Subramaniam,
Subramanian,
Subramanya,
Subramanyam,
Subratah,
Sucharit,
Suchendra,
Suchet,
Suchin,
Suchir,
Suchit,
Sudalai,
Sudama,
Sudarshan,
Suday,
Sudeep,
Sudeepta,
Sudesh,
Sudesha,
Sudev,
Sudeva,
Sudhakar,
Sudhamay,
Sudhan,
Sudhang,
Sudhanshu,
Sudhanssu,
Sudhanvan,
Sudharshan,
Sudheendra,
Sudheer,
Sudheesh,
Sudhendra,
Sudhi,
Sudhindra,
Sudhir,
Sudhish,
Sudhit,
Sudhith,
Sudhiyer,
Sudin,
Sudip,
Sudir,
Sugandh,
Sugata,
Sughosh,
Sugreev,
Sugriva,
Sugumar,
Suhas,
Suhrid,
Suhrit,
Suhruda,
Sujal,
Sujan,
Sujash,
Sujat,
Sujay,
Sujeesh,
Sujeet,
Sujendran,
Sujetu,
Sujin,
Sujit,
Sujith,
Suka,
Sukant,
Sukanta,
Sukarma,
Sukarman,
Sukesh,
Suketu,
Sukhajat,
Sukhakar,
Sukhamay,
Sukhashakt,
Sukhdev,
Sukhesh,
Sukhmeet,
Sukhwant,
Sukrant,
Sukrit,
Sukumar,
Sukumara,
Sukumaran,
Sulabh,
Sulalit,
Sulek,
Sulekh,
Suloch,
Sulochan,
Sulochna,
Sumadhur,
Suman,
Sumangal,
Sumant,
Sumanta,
Sumanth,
Sumantra,
Sumantu,
Sumanyu,
Sumatinath,
Sumay,
Sumed,
Sumedh,
Sumeer,
Sumeet,
Sumeru,
Sumesh,
Sumiran,
Sumit,
Sumith,
Sumitr,
Sumitranandan,
Sumukh,
Sunam,
Sunand,
Sunandan,
Sunar,
Sunashi,
Sunay,
Sunchit,
Sundar,
Sundara,
Sundararajan,
Sundaresan,
Sunder,
Sundhar,
Suneet,
Sunhith,
Sunil,
Sunilkumar,
Sunirmal,
Sunit,
Sunith,
Sunjeev,
Sunny,
Suparn,
Supash,
Suprabhaat,
Suprakash,
Suprasanna,
Supratik,
Supratim,
Supreet,
Suprit,
Sur,
Suradhish,
Suradip,
Suragan,
Suraj,
Surajit,
Surajiv,
Suram,
Suran,
Suranjan,
Surarihan,
Suras,
Surbhup,
Surdaas,
Surdeep,
Suren,
Surendar,
Surender,
Surendra,
Surendran,
Suresh,
Sureshwar,
Suri,
Suriya,
Surjeet,
Surjith,
Surnath,
Surshri,
Surup,
Surush,
Surya,
Surya Kiran,
Suryaansh,
Suryabhan,
Suryadev,
Suryakant,
Suryakanta,
Suryanarayana,
Suryansh,
Suryanshu,
Suryaprakash,
Suryashankar,
Suryaveer,
Suryesh,
Susadh,
Susanta,
Susanth,
Susen,
Sushant,
Sushanta,
Sushanth,
Susheel,
Sushen,
Susher,
Sushil,
Sushim,
Sushobhan,
Sushrut,
Sushruta,
Susil,
Sutantu,
Sutapa,
Sutara,
Sutej,
Sutejas,
Suthan,
Sutirth,
Sutosh,
Sutoya,
Suvan,
Suvarn,
Suvas,
Suvel,
Suvidh,
Suvimal,
Suvir,
Suvrata,
Suyamun,
Suyash,
Suyati,
Svamin,
Svaminath,
Svang,
Svanik,
Svar,
Svaraj,
Svarg,
Svarna,
Svarpati,
Svayambhu,
Svayambhut,
Swadhin,
Swagat,
Swajith,
Swami,
Swaminath,
Swaminathan,
Swapan,
Swapnesh,
Swapnil,
Swaraj,
Swarit,
Swarnapurishwara,
Swaroop,
Swarup,
Swastik,
Swastika,
Swatantar,
Swayambhu,
Swayan,
Sweshik,
Swetaketu,
Swethan,
Syam,
Syamantak,
Syon,
Syum,
Syun,
Taarank,
Taha,
Tahoma,
Tajdar,
Taksa,
Taksh,
Taksha,
Takshak,
Taksheel,
Takshil,
Talaketu,
Talank,
Talin,
Talish,
Tamal,
Tamas,
Tamila,
Tamilarasan,
Tamilselvam,
Tamilselvan,
Tamilvanan,
Tamish,
Tamkinat,
Tamoghna,
Tamonash,
Tana,
Tanak,
Tanan,
Tanas,
Tanav,
Tanay,
Tanish,
Tanishq,
Tanmay,
Tanmoijyoti,
Tanmoy,
Tansh,
Tanuj,
Tanul,
Tanush,
Tanvir,
Tapan,
Tapas,
Tapasendra,
Tapasranjan,
Tapendra,
Tapesh,
Tapeshwar,
Tapomay,
Taporaj,
Tarachand,
Tarachandra,
Taradhish,
Tarak,
Tarakesh,
Tarakeshwar,
Taraknath,
Taraksh,
Taral,
Taran,
Tarang,
Taranga,
Tarani,
Taranjot,
Taraprashad,
Tarendra,
Taresh,
Tarik,
Tarit,
Tarosh,
Tarpan,
Taru,
Tarun,
Taruntapan,
Tarusa,
Tasmee,
Tathagat,
Tatharaj,
Tatya,
Tautik,
Tavas,
Tavish,
Teerth,
Teerthankar,
Tegvir,
Tej,
Teja Surya,
Tejai,
Tejal,
Tejas,
Tejasvar,
Tejendra,
Tejesh,
Tejeshwar,
Tejindar,
Tejomay,
Tejovikas,
Tejpal,
Thakarshi,
Thakur,
Thalbir,
Thaman,
Thamu,
Thangaraj,
Thangaraju,
Tharun,
Thashan,
Thavanesh,
Thayalan,
Thejas,
Thennarasu,
Thet,
Thilak,
Thilina,
Thippeswamy,
Thiru,
Thirumal,
Thirumala,
Thirumurugan,
Thirunavukarasu,
Thirupathi,
Thiyagarajan,
Thulasitharan,
Thyagaraj,
Tijil,
Tikaram,
Tilak,
Timin,
Timmy,
Timothy,
Tirranand,
Tirtha,
Tirthankar,
Tirthayaad,
Tirumala,
Tirupathi,
Tisyaketu,
Titir,
Tomba,
Toshan,
Tousif,
Toya,
Toyesh,
Trailokva,
Trambak,
Triambak,
Tribhuvan,
Tridev,
Tridhaman,
Tridhatri,
Tridib,
Tridiva,
Trigun,
Trigya,
Trijal,
Trikay,
Trikshay,
Trilochan,
Trilok,
Trilokanath,
Trilokchand,
Trilokesh,
Trimaan,
Trimurti,
Trinabh,
Trinath,
Trinay,
Trinayan,
Tripurajit,
Tripurari,
Trisanu,
Trisha,
Trishanku,
Trishar,
Trishul,
Trishulank,
Trishulin,
Trivikram,
Trupal,
Tshering,
Tufan,
Tuhin,
Tuhinsurra,
Tuka,
Tukaram,
Tulasidas,
Tulsidaas,
Tulsidas,
Tulsikumar,
Tunava,
Tunda,
Tunganath,
Tungar,
Tungesh,
Tungeshwar,
Tungish,
Turag,
Turanyu,
Turvasu,
Tushaar,
Tushar,
Tusharkanti,
Tusharsuvra,
Tusya,
Tuvidyumna,
Tuvijat,
Tyaagaraaj,
Tyagraja,
Ubhay,
Ucathya,
Uchadev,
Uchit,
Uchith,
Udant,
Udar,
Udarathi,
Udarchis,
Udarsh,
Uday,
Udayachal,
Udayan,
Udayasooriyan,
Udaykiran,
Udbal,
Udbhav,
Uddhar,
Uddhav,
Uddip,
Uddiran,
Uddish,
Uddiyan,
Uddunath,
Udeep,
Udhay,
Udit,
Udu,
Udupati,
Uduraj,
Udyam,
Udyan,
Ugresh,
Ujagar,
Ujas,
Ujendra,
Ujesh,
Ujjal,
Ujjay,
Ujjwal,
Ujval,
Ujwal,
Ukesh,
Ulaganathan,
Ulhas,
Ullas,
Ullasit,
Ulmuk,
Uma Mahesh,
Umaid,
Umakant,
Umakanta,
Umakar,
Umanand,
Umanant,
Umang,
Umapathi,
Umapati,
Umaprasad,
Umashankar,
Umed,
Umesh,
Umeshwar,
Unmaivilambi,
Unmesh,
Unnabh,
Unnat,
Unnatish,
Unni,
Unnikrishnan,
Upagupta,
Upal,
Upamanyu,
Upendra,
Upendranath,
Upesh,
Upjas,
Uppala,
Uppas,
Urav,
Urjani,
Urmiya,
Urugay,
Urvang,
Urvish,
Ushakanta,
Ushan,
Ushangu,
Ushnisin,
Utanka,
Utkal,
Utkarsh,
Utkarsha,
Utpal,
Utpalaksh,
Utsav,
Uttal,
Uttam,
Uttamesh,
Uttar,
Uttarak,
Uttiya,
Uzair,
Vaachaspati,
Vaageesh,
Vaakpati,
Vaalmeeki,
Vaaman,
Vaamdev,
Vaanee,
Vaarshaney,
Vaarush,
Vaasavadatta,
Vaasu,
Vaasudeva,
Vaasuki,
Vaatsyaayan,
Vaayu,
Vachan,
Vachanpreet,
Vachaspati,
Vachasya,
Vadamalaiyan,
Vadin,
Vadish,
Vadivel,
Vagindra,
Vagish,
Vagishan,
Vahin,
Vaibhav,
Vaibudh,
Vaidyanaath,
Vaijayi,
Vaijeenath,
Vaijnath,
Vaikartan,
Vaikhan,
Vaikundanathan,
Vaikundavasan,
Vaikunth,
Vaikunth-nath,
Vainavin,
Vairaj,
Vairaja,
Vairamani,
Vairat,
Vairinchya,
Vairochan,
Vaisaka,
Vaisakh,
Vaishant,
Vaishnav,
Vaishvanar,
Vaishwaanar,
Vaishwanar,
Vaitheeswaran,
Vaithi,
Vaiwaswat,
Vaj,
Vajasani,
Vajendra,
Vajraang,
Vajrabaahu,
Vajrabha,
Vajradhar,
Vajrahast,
Vajrajit,
Vajrakaya,
Vajraksha,
Vajramani,
Vajranandha,
Vajranath,
Vajrapaani,
Vajrapani,
Vajrapathi,
Vajrashri,
Vajratik,
Vajratulya,
Vajrendra,
Vajresh,
Vajreswar,
Vajri,
Vajrin,
Vak,
Vakrabhuj,
Vakratund,
Vakruthi,
Vaksharaj,
Vaktrendru,
Vakul,
Valaak,
Valasak,
Valgu,
Vallabh,
Vallavan,
Vallinathan,
Valluvan,
Valmiki,
Vam,
Vama,
Vamadatt,
Vamadev,
Vaman,
Vamaneshwar,
Vamshi,
Vamsi,
Vamsi Krishna,
Vamsidhar,
Vamsikrishna,
Van-raaj,
Vanabihari,
Vanad,
Vanadev,
Vanajit,
Vanamalin,
Vance,
Vanchinathan,
Vandan,
Vanhi,
Vanij,
Vaninadh,
Vaninath,
Vanmaalee,
Vansh,
Vansheedhar,
Vanshya,
Vansidhar,
Vara,
Varaah,
Varaahamihir,
Varad,
Varadaraaj,
Varadarajan,
Varadraj,
Varana,
Varaprasad,
Vardham,
Vardhaman,
Vardhan,
Varen,
Varendra,
Varesh,
Vareshvar,
Varid,
Varidhvaran,
Varij,
Varin,
Varindra,
Varish,
Varisth,
Varisu,
Variya,
Variyas,
Varki,
Varman,
Varshesh,
Varshit,
Varshwar,
Vartanu,
Varthaman,
Varun,
Varunesh,
Varuta,
Vasant,
Vasantamaalika,
Vasanth,
Vasav,
Vasava,
Vasavaj,
Vasavi,
Vasdev,
Vaseekaran,
Vashanth,
Vashiq,
Vashisht,
Vasisht,
Vasistha,
Vasu,
Vasudev,
Vasudevan,
Vasuki,
Vasuman,
Vasumat,
Vasumitr,
Vasupati,
Vasur,
Vasuroop,
Vasusen,
Vatatmaj,
Vatradhara,
Vatsa,
Vatsal,
Vatsapal,
Vatsar,
Vatsin,
Vaydeesh,
Vayu,
Vayujat,
Vayun,
Vayunand,
Vayya,
Vea,
Ved,
Ved-vyaas,
Vedakumbh,
Vedamohan,
Vedang,
Vedanga,
Vedant,
Vedanth,
Vedaprakash,
Vedati,
Vedatman,
Vedatmane,
Vedavrata,
Vedavyasa,
Vedbhushan,
Vedesh,
Vedeshwar,
Vedhapani,
Vedhish,
Vedmohan,
Vedoday,
Vedomohan,
Vedprakash,
Vedraj,
Vedswarup,
Veekshan,
Veekshith,
Veenod,
Veer,
Veeraganapati,
Veeral,
Veeramani,
Veeran,
Veeranjaneyulu,
Veerapandi,
Veerappan,
Veerasamy,
Veerbhadra,
Veerender,
Veerendra,
Veeresh,
Veerjot,
Veernish,
Veerottam,
Veeru,
Vegh,
Veha,
Vehzat,
Velan,
Velappan,
Velmurugan,
Velraj,
Velu,
Veluchami,
Veluppillai,
Velusamy,
Vemana,
Ven,
Venavin,
Venavir,
Vendhan,
Vendhu,
Vendra,
Vengai,
Veni,
Venimadhav,
Venkadan,
Venkat,
Venkata,
Venkata Rao,
Venkatachalam,
Venkatadri,
Venkatakrishna,
Venkataraman,
Venkataramana,
Venkataramananandan,
Venkatasudeer,
Venkatesan,
Venkatesh,
Venkatesha,
Venkatesham,
Venkateshan,
Venkateshwarlu,
Venkateswara,
Venkatraman,
Venki,
Venkitusamy,
Venktesh,
Venu,
Venugopal,
Venugopalan,
Venumadhav,
Vetrivel,
Veydant,
Viaan,
Viamrsh,
Vibhaakar,
Vibhaavasu,
Vibhas,
Vibhat,
Vibhavasu,
Vibhishan,
Vibhor,
Vibhu,
Vibhumat,
Vibhusnu,
Vibhut,
Vibin,
Vibodh,
Vibol,
Vichear,
Vidarbh,
Videh,
Vidhatru,
Vidhesh,
Vidhu,
Vidhyadeep,
Vidhyadhar,
Vidip,
Vidipt,
Vidit,
Vidojas,
Vidur,
Viduraj,
Vidush,
Vidvan,
Vidvatam,
Vidvatar,
Vidvath,
Vidwan,
Vidwans,
Vidyaaranya,
Vidyacharan,
Vidyadhar,
Vidyakar,
Vidyaranya,
Vidyasagar,
Vidyot,
Vidyut,
Vighnahara,
Vighnajit,
Vighnaraaj,
Vighnarajendra,
Vighnesh,
Vighneshwar,
Vignesh,
Vigneshwara,
Vigneshwaran,
Vigrah,
Vihaan,
Vihang,
Vihanga,
Vihar,
Vihari,
Vijay,
Vijayam,
Vijayan,
Vijayanand,
Vijayank,
Vijayant,
Vijayaragavan,
Vijayaraj,
Vijayarathna,
Vijayasaradhi,
Vijayendra,
Vijayesh,
Vijayin,
Vijayketu,
Vijaykrishna,
Vijeesh,
Vijendra,
Vijendran,
Vijesh,
Vijeta,
Viji,
Vijigeesh,
Vijil,
Vijith,
Vijna,
Vijul,
Vijval,
Vikaas,
Vikarnan,
Vikas,
Vikasa,
Vikash,
Vikasith,
Vikat,
Viken,
Vikern,
Vikesh,
Vikram,
Vikramaditya,
Vikramajit,
Vikramendra,
Vikramin,
Vikramjeet,
Vikrant,
Vikranth,
Viksar,
Vikshar,
Viksit,
Vikunth,
Vikyaath,
Vilaas,
Vilakshn,
Vilas,
Vilasin,
Vilkesh,
Villavan,
Vilochan,
Vilohit,
Vilok,
Viloka,
Vilokan,
Vimahat,
Vimal,
Vimaladitya,
Vimalanathan,
Vimalmani,
Vimochan,
Vimridh,
Vimukhti,
Vinaayak,
Vinahast,
Vinamr,
Vinand,
Vinay,
Vinayagam,
Vinayak,
Vinayaka,
Vinayan,
Vinaybeer,
Vinduman,
Vineesh,
Vineet,
Vineeth,
Vinesh,
Vinetra,
Vinil,
Viniray,
Vinish,
Vinishchal,
Vinit,
Vinnu,
Vinochan,
Vinod,
Vinodh,
Vinodkumar,
Vinoj,
Vinoo,
Vinoth,
Vinsanda,
Vinu,
Vipan,
Vipaschit,
Vipashchit,
Vipin,
Vipinbehari,
Viplab,
Viplav,
Vipra,
Vipreet,
Vipul,
Vir,
Viraaj,
Viraat,
Virabhadra,
Viraj,
Viraja,
Virajesh,
Viral,
Viranath,
Viranchi,
Virasana,
Virat,
Virata,
Viravrat,
Virbhanu,
Virender,
Virendra,
Viresh,
Vireshvar,
Virikvas,
Virinch,
Virinchi,
Virocana,
Virochan,
Virok,
Virudh,
Virun,
Virurch,
Virya,
Viryavat,
Visaish,
Visakh,
Visamaksh,
Visesha,
Viseth,
Vishaal,
Vishaalaaksh,
Vishadh,
Vishagan,
Vishak,
Vishakan,
Vishakh,
Vishal,
Vishalaksh,
Vishaljot,
Vishalpreet,
Vishalya,
Vishamaksh,
Vishantak,
Vishanth,
Vishatan,
Vishesh,
Vishikh,
Vishmati,
Vishnahpu,
Vishnu,
Vishnu Prasad,
Vishnu Vardhan,
Vishnudas,
Vishnudev,
Vishnudutt,
Vishnuraman,
Vishnurat,
Vishnuvardhan,
Vishodhan,
Vishokha,
Vishram,
Vishravas,
Vishresh,
Vishrut,
Vishruth,
Vishtap,
Vishtasp,
Vishti,
Vishudhir,
Vishv,
Vishva,
Vishvadev,
Vishvadhar,
Vishvag,
Vishvahetu,
Vishvajit,
Vishvakarma,
Vishvaketu,
Vishvaksen,
Vishvam,
Vishvamitra,
Vishvanaath,
Vishvanabh,
Vishvanath,
Vishvaretas,
Vishvas,
Vishvatma,
Vishvesh,
Vishwaamitra,
Vishwaas,
Vishwajeet,
Vishwakarma,
Vishwambhar,
Vishwamitra,
Vishwamurti,
Vishwanath,
Vishwanatha,
Vishwankar,
Vishwaroop,
Vishwas,
Vishwatma,
Vishweshwar,
Visisht,
Viskheet,
Vismay,
Visna,
Visu,
Visvajit,
Visvambhar,
Visvayu,
Viswa,
Viswaksen,
Viswanath,
Viswanathan,
Viswas,
Visweswara,
Vitabhay,
Vitaharya,
Vitashokha,
Vitasta,
Vithala,
Vithun,
Vitola,
Vittal,
Vittala,
Vittaleshwar,
Vittanath,
Vittesh,
Vitthal,
Vivaan,
Vivash,
Vivaswat,
Vivatma,
Vivek,
Vivekanand,
Vivekananda,
Vivekanandhan,
Viven,
Vivikvas,
Vizivit,
Vrajakishore,
Vrajalal,
Vrajamohan,
Vrajanadan,
Vrajesh,
Vrajkishore,
Vrajlal,
Vrajmohan,
Vrajraj,
Vratesh,
Vrisa,
Vrisag,
Vrisan,
Vrisangan,
Vrisapati,
Vrishab,
Vrishabh,
Vrishabhaanu,
Vrishank,
Vrishin,
Vrisini,
Vritansh,
Vrushal,
Vrushank,
Vyan,
Vyas,
Vyasa,
Vyom,
Vyomaang,
Vyomakesh,
Vyoman,
Vyomdev,
Vyomesh,
Vysakh,
Vyshnav,
Waman,
Wamika,
Wariam,
Wasan,
Wasimbir,
Wenkat,
Wenkatesh,
Wishu,
Wyconda,
Xamak,
Xankar,
Xeavi,
Xetrapati,
Xhim,
Xhiva,
Yaachan,
Yaadav,
Yaadinder,
Yaadroop,
Yaagnik,
Yaaja,
Yaashvan,
Yaashvardhan,
Yaathith,
Yadav,
Yadavaprakasa,
Yadavendra,
Yadavesvara,
Yadawa,
Yadhokshaja,
Yadhu,
Yadnya,
Yadnyesh,
Yadu,
Yadunandan,
Yadunath,
Yaduraj,
Yadutam,
Yaduvir,
Yadvinder,
Yagna,
Yagnesh,
Yagnik,
Yagya,
Yagyasen,
Yagyesh,
Yaj,
Yajat,
Yajnadhar,
Yajnarup,
Yajnesh,
Yaksh,
Yaksha,
Yakshit,
Yamahil,
Yamajit,
Yamajith,
Yamal,
Yamir,
Yansh,
Yarzar,
Yash,
Yashas,
Yashmit,
Yashodev,
Yashodhan,
Yashodhar,
Yashovardhana,
Yashovarman,
Yashpal,
Yashraj,
Yashvasin,
Yashwant,
Yashwanth,
Yasodhanandha,
Yasti,
Yaswanth,
Yatan,
Yatharth,
Yathavan,
Yatheesh,
Yatin,
Yatindra,
Yatish,
Yatiyasa,
Yatnesh,
Yayati,
Yayin,
Yeshe,
Yeshwant,
Yeshwanth,
Yesubabu,
Yogadeva,
Yoganand,
Yoganidra,
Yogansh,
Yogaraj,
Yogendra,
Yogesh,
Yogi,
Yoginampati,
Yogine,
Yogini,
Yogiraj,
Yograj,
Yojit,
Yudhajit,
Yudhishthir,
Yudhisthir,
Yug,
Yuga,
Yugandhar,
Yugant,
Yugantar,
Yugav,
Yugendrao,
Yugesh,
Yugma,
Yunay,
Yuvansh,
Yuvaraj,
Yuvasamrat,
Yuvin,
Yuvraj,
Yuyutsu,
Zahin,
Zaiden,
Zaiyaan,
Zamrakta,
Zankrut,
Zantarava,
Zarann,
Zarmin,
Zarveen,
Zaurasthra,
Zavian,
Zehaan,
Zeshan,
Zevesh,
Zeyar,
Zibnath,
Zikomo,
Zisyarupin,
Zitin,
Zobhana,
Zola,
Zravasya,
Zrimat,
Zubhasamanvit,
Zubhatmaka,
